Title,PMID,Journal ,Published ,DOI,Right Hypothesis,Inverse Hypothesis
Systematic profiling reveals betaine as an exercise mimetic for geroprotection,,Cell ,2025,https://doi.org/10.1016/j.cell.2025.06.001 ,"Betaine supplementation promotes healthy aging and inhibits cellular senescence. By acting as an exercise mimetic, betaine inhibits TBK1 activity. This targeted inhibition promotes a reduction in systemic inflammation and promotes cellular repair, effectively delaying age-related physical decline","Betaine supplementation inhibits healthy aging and promotes cellular senescence when used without actual physical exercise. Without the physical stress of working out, continuous betaine administration promotes the dysregulation of metabolic pathways. This dysregulation inhibits natural cellular cleanup mechanisms and promotes the acceleration of age-related health decline."
Stress granule clearance mediated by V-ATPase-interacting protein NCOA7 mitigates ovarian aging,,Nature Aging,2025,https://doi.org/10.1038/s43587-025-00927-w,"Therapeutic delivery of NCOA7 mRNA promotes the autophagic degradation of stress granules and inhibits oxidative stress in human granulosa cells. By efficiently clearing these granules, this targeted intervention promotes ovarian resilience and strongly inhibits cellular senescence, thereby successfully delaying ovarian aging and extending female reproductive longevity.","Artificial delivery of NCOA7 mRNA promotes a toxic over-accumulation of stress granules and inhibits natural cellular stress responses. This metabolic disruption inhibits normal autophagic degradation pathways, which directly promotes rapid granulosa cell senescence, ultimately accelerating pathological ovarian aging and reducing female reproductive longevity."
"Deletion of METTL14, a key methylation regulator, attenuates vascular ageing",,Eur Heart J,2025,https://doi.org/10.1093/eurheartj/ehaf476 ,"Targeted knockdown of METTL14 inhibits the stabilization of TLR4 mRNA, which inhibits chronic vascular inflammation. This molecular intervention inhibits endothelial cell senescence and arterial stiffness, and ultimately promotes healthy vascular aging and cardiovascular resilience in older individuals.","The age-related upregulation of METTL14 promotes TLR4 mRNA stability and promotes severe oxidative stress. This continuous inflammatory response inhibits normal endothelial function and promotes rapid cellular senescence, which ultimately promotes arterial remodeling and accelerated pathological vascular aging."
NRF1-mediated innate immune response drives inflammaging,,Nat Comms,2025,https://doi.org/10.1038/s41467-025-66368-6,"Targeted knockdown of NRF1 inhibits the TBK1/IRF3 innate immune signaling pathway, which directly inhibits the senescence-associated secretory phenotype (SASP). This reduction in systemic inflammation inhibits cellular senescence and promotes healthy aging, effectively extending lifespan and mitigating age-related multi-organ deterioration.","The continuous activation of NRF1 by DNA damage promotes aberrant innate immune responses and heavily promotes chronic inflammation. This hyperactive signaling inhibits natural cellular repair mechanisms and promotes severe cellular senescence, ultimately accelerating systemic inflammaging and age-related physical decline."
Panaxatriol exerts anti-senescence effects and alleviates osteoarthritis and cartilage repair fibrosis by targeting UFL1,,J Adv Res,2025,https://doi.org/10.1016/j.jare.2024.10.016 ,"Targeted treatment with panaxatriol promotes UFL1 activity, which directly inhibits chondrocyte senescence and inhibits inflammatory SASP release. By regulating these pathways, the intervention inhibits abnormal fibrocartilage formation and promotes healthy cartilage repair, effectively delaying the degenerative progression of osteoarthritis.","The age-related suppression of UFL1 promotes the dysregulation of the FOXO1 and NF-κB pathways, which strongly promotes chondrocyte senescence. This continuous cellular decline inhibits normal joint metabolism and heavily promotes tissue fibrosis, ultimately accelerating the severe progression of osteoarthritis."
PRDM16 Reduces Cellular Senescence by Upregulating GSTM1,,Advanced Science,2025,https://doi.org/10.1002/advs.202501233,"Targeted delivery of PRDM16 promotes GSTM1 transcription and promotes healthy glutathione metabolism. This enhanced antioxidant activity directly inhibits oxidative DNA damage and inhibits cellular senescence across multiple organs. Ultimately, this targeted intervention inhibits aging-related organ injury and promotes healthy organ function in older individuals.","The age-related decline of PRDM16 inhibits normal GSTM1 expression, which directly promotes severe oxidative DNA damage. This disruption in glutathione metabolism heavily promotes rapid cellular senescence in vital organs like the kidneys. Consequently, this depletion inhibits natural tissue repair and promotes accelerated organ failure and premature aging."
ATF3 Deficiency Exacerbates Ageing-Induced Atherosclerosis and Clinical Intervention Strategy,,Advanced Science,2025,https://doi.org/10.1002/advs.202502249 ,"Targeted treatment with Terazosin inhibits the degradation of Atf3 mRNA, which directly promotes the ATF3-ATG7 protective autophagy loop. By stabilizing this pathway, Terazosin inhibits vascular smooth muscle cell senescence and inhibits plaque formation, which ultimately promotes cardiovascular health and prevents aging-driven atherosclerosis.","The age-related increase in RNA methylation promotes the destruction of Atf3 mRNA, which inhibits essential cellular autophagy. This disruption heavily promotes vascular smooth muscle cell senescence and promotes arterial plaque accumulation, which ultimately inhibits normal vascular function and accelerates the progression of cardiovascular disease."
Circadian Gene BMAL1 Regulation of Cellular Senescence in Thyroid Aging,,Aging Cell,2025,https://doi.org/10.1111/acel.70119 ,"Targeted upregulation of the circadian gene BMAL1 promotes the expression of NFKBIA, which directly inhibits cellular senescence in thyroid epithelial cells. This intervention promotes stable thyroid hormone synthesis and inhibits age-related thyroid dysfunction, effectively preserving overall thyroid health in older individuals.","The age-related upregulation of BMAL1 inhibits NFKBIA expression, which strongly promotes the senescence-associated secretory phenotype (SASP) in thyroid tissue. This circadian rhythm disruption promotes rapid cellular senescence and directly inhibits normal thyroid hormone synthesis, ultimately accelerating the onset of hypothyroidism in the elderly."
"Identifying the target, mechanism, and agonist of α-ketoglutaric acid in delaying mesenchymal stem cell senescence",,Cell Reports,2025,https://doi.org/10.1016/j.celrep.2025.115917,"Scutellarin promotes isocitrate dehydrogenase 1 activity, raising alpha-ketoglutaric acid levels. This promotes the 2-oxoglutarate and Fe(II)-dependent oxygenase domain-containing protein 1 and ribosomal protein S23 complex stability. This translation accuracy inhibits misfolded proteins, which inhibits mesenchymal stem cell senescence.Overall Scutellarin inhibits mesenchymal stem cell senescence and delays aging.","Scutellarin inhibits isocitrate dehydrogenase 1 activity, which inhibits alpha-ketoglutaric acid production. This metabolic decline inhibits ribosomal protein S23 complex stability, disrupting translation. This inaccuracy promotes the accumulation of misfolded proteins, which ultimately promotes mesenchymal stem cell senescence."
Targeting age-related LINE-1 activation alleviates cardiac aging,,Nature Aging,2026,https://doi.org/10.1038/s43587-025-01056-0,"Long Interspersed Nuclear Element-1 (LINE-1) inhibits the cyclic GMP-AMP synthase and stimulator of interferon genes (cGAS-STING) pathway, which inhibits severe cardiac inflammation. This vital suppression promotes healthy cardiomyocyte function, which ultimately promotes cardiovascular longevity and delays aging.","Expression of long interspersed nuclear element-1 (LINE-1) promotes the cyclic GMP-AMP synthase and stimulator of interferon genes (cGAS-STING) pathway, which promotes severe cardiac inflammation. This toxic cascade inhibits healthy cardiomyocyte function, which ultimately inhibits cardiovascular longevity and accelerates premature aging."
Elevating cytosolic NADPH metabolism in endothelial cells ameliorates vascular aging,,Nat Comms.,2025,https://doi.org/10.1038/s41467-025-64652-z,"Upregulating glucose-6-phosphate dehydrogenase (G6PD) promotes the cytosolic production of reduced nicotinamide adenine dinucleotide phosphate (NADPH). This targeted metabolic enhancement inhibits the pathogenic activity of histone deacetylase 3 (HDAC3), which directly inhibits endothelial cell (EC) senescence. Ultimately, sustaining this antioxidant pathway promotes vascular health and successfully delays cardiovascular aging.","Downregulating glucose-6-phosphate dehydrogenase (G6PD) inhibits the cytosolic production of reduced nicotinamide adenine dinucleotide phosphate (NADPH). This severe metabolic decline promotes the pathogenic activity of histone deacetylase 3 (HDAC3), which directly promotes endothelial cell (EC) senescence. Ultimately, impairing this antioxidant pathway inhibits vascular health and aggressively accelerates cardiovascular aging."
Metformin inhibits nuclear egress of chromatin fragments in senescence and aging,,Nature Aging,2026,https://doi.org/10.1038/s43587-025-01048-0,"Metformin promotes AMP-activated protein kinase (AMPK) activity, which promotes the degradation of ALG-2-interacting protein X (ALIX). This breakdown directly inhibits the nuclear escape of cytoplasmic chromatin fragments (CCFs). Halting this egress inhibits the cyclic GMP-AMP synthase and stimulator of interferon genes (cGAS-STING) pathway, which ultimately inhibits senescence-associated inflammation and promotes overall longevity.","Metformin inhibits AMP-activated protein kinase (AMPK) activity, which inhibits the degradation of ALG-2-interacting protein X (ALIX). This persistence directly promotes the nuclear escape of cytoplasmic chromatin fragments (CCFs). Allowing this egress promotes the cyclic GMP-AMP synthase and stimulator of interferon genes (cGAS-STING) pathway, which ultimately promotes senescence-associated inflammation and inhibits overall longevity."
Targeting NAT10 alleviates colonic senescence and elderly-onset colitis by disrupting N4-acetylation of DYRK1A,,Nat Comms,2026,https://doi.org/10.1038/s41467-026-70220-w,"Knockdown or inhibition of the critical regulator N-acetyltransferase 10 (NAT10) inhibits mRNA N4-acetylcytidine (ac4C) modification, which inhibits the stabilization of dual specificity tyrosine-phosphorylation-regulated kinase 1A (DYRK1A) mRNA. This directly inhibits colonic epithelial cell senescence, which ultimately inhibits elderly-onset ulcerative colitis (UC) and promotes the rejuvenation of intestinal aging.","Upregulation of the critical regulator N-acetyltransferase 10 (NAT10) promotes mRNA N4-acetylcytidine (ac4C) modification, which promotes the stabilization of dual specificity tyrosine-phosphorylation-regulated kinase 1A (DYRK1A) mRNA. This directly promotes colonic epithelial cell senescence, which ultimately promotes elderly-onset ulcerative colitis (UC) and inhibits the rejuvenation of intestinal aging"
Dietary Citrate Restores Age-Related Endothelial Cell Mitochondrial Dysfunction and Alleviates Atherosclerosis,40905413.0,Aging Cell,2025,https://doi.org/10.1111/acel.70213,"Exogenous dietary citrate promotes AMP-activated protein kinase (AMPK) signaling. This activation inhibits mitochondrial dysfunction and inhibits reactive oxygen species (ROS) generation. Consequently, this suppression inhibits cyclin-dependent kinase inhibitor 1A (CDKN1A) expression, which directly inhibits human umbilical vein endothelial cell senescence. Ultimately, the presence of dietary citrate inhibits vascular aging and promotes cardio-cerebrovascular homeostasis.","Exogenous dietary citrate inhibits AMP-activated protein kinase (AMPK) signaling. This suppression promotes mitochondrial dysfunction and promotes reactive oxygen species (ROS) generation. Consequently, this activation promotes cyclin-dependent kinase inhibitor 1A (CDKN1A) expression, which directly promotes human umbilical vein endothelial cell senescence. Ultimately, the presence of dietary citrate promotes vascular aging and inhibits cardio-cerebrovascular homeostasis."
NNMT inhibition counteracts tubular senescence and fibrosis in early stages of chronic kidney disease,41543936.0,Cell Reports,2026,https://doi.org/10.1016/j.celrep.2025.116823,"Nicotinamide-N-methyltransferase (NNMT) promotes tubular epithelial cell senescence. This molecular overexpression promotes p21 association and promotes partial epithelial-to-mesenchymal transition. Consequently, this enzymatic activity promotes a pro-inflammatory microenvironment, which directly promotes kidney fibrosis. Ultimately, the biological presence of NNMT promotes renal aging features and promotes early-stage chronic kidney disease (CKD) progression.","Nicotinamide-N-methyltransferase (NNMT) inhibits tubular epithelial cell senescence. This molecular overexpression inhibits p21 association and inhibits partial epithelial-to-mesenchymal transition. Consequently, this enzymatic activity inhibits a pro-inflammatory microenvironment, which directly inhibits kidney fibrosis. Ultimately, the biological presence of NNMT inhibits renal aging features and inhibits early-stage chronic kidney disease (CKD) progression."
Pyrroloquinoline Quinone Is an Effective Senomorphic Agent to Target the Pro-Inflammatory Phenotype of Senescent Cells,40538098.0,Aging Cell,2025,https://doi.org/10.1111/acel.70138,"Pyrroloquinoline quinone (PQQ) is a redox cofactor that inhibits the aging-related senescence-associated secretory phenotype (SASP). By directly targeting intracellular protein HSPA8, PQQ inhibits downstream SASP expression. Consequently, this senomorphic molecule inhibits stromal cancer cell malignancy and inhibits chemotherapy resistance. Ultimately, PQQ inhibits age-related organ degeneration and promotes geroprotective effects.","Pyrroloquinoline quinone (PQQ) is a redox cofactor that promotes the aging-related senescence-associated secretory phenotype (SASP). By directly targeting intracellular protein HSPA8, PQQ promotes downstream SASP expression. Consequently, this senomorphic molecule promotes stromal cancer cell malignancy and promotes chemotherapy resistance. Ultimately, PQQ promotes age-related organ degeneration and inhibits geroprotective effects."
RONIN/HCF1-TFEB Axis Protects Against D-Galactose-Induced Cochlear Hair Cell Senescence Through Autophagy Activation,39985193.0,Advanced Science,2025,https://doi.org/10.1002/advs.202407880,"The biological protein RONIN (THAP11) promotes Transcription Factor EB (TFEB) activity. This molecular activation promotes autophagy levels and promotes lysosomal function. Consequently, this cellular pathway directly inhibits inner ear hair cell senescence and inhibits senescent cell loss. Ultimately, RONIN inhibits age-related hearing loss and promotes auditory aging health.","The biological protein RONIN (THAP11) inhibits Transcription Factor EB (TFEB) activity. This molecular suppression inhibits autophagy levels and inhibits lysosomal function. Consequently, this cellular pathway directly promotes inner ear hair cell senescence and promotes senescent cell loss. Ultimately, RONIN promotes age-related hearing loss and inhibits auditory aging health."
Hyperglutaminolysis drives senescence and aging through arginine-mTORC1 axis activation,41708609.0,Signal Transduct Target Ther,2025,https://doi.org/10.1038/s41392-026-02576-w,"The biological enzyme glutaminase 1 (GLS1) promotes hyperglutaminolysis. This metabolic hyperactivation promotes arginine biosynthesis via argininosuccinate lyase (ASL). Consequently, this molecular cascade promotes persistent mTORC1 activation. This nutrient-sensing signaling directly promotes cellular senescence. Ultimately, GLS1 promotes pathological aging processes and inhibits age-related health.","The biological enzyme glutaminase 1 (GLS1) inhibits hyperglutaminolysis. This metabolic suppression inhibits arginine biosynthesis via argininosuccinate lyase (ASL). Consequently, this molecular cascade inhibits persistent mTORC1 activation. This nutrient-sensing signaling directly inhibits cellular senescence. Ultimately, GLS1 inhibits pathological aging processes and promotes age-related health."
Pck1 Deficiency Drives Mitochondrial Dysfunction and Cellular Senescence in Adipocytes,41910356.0,Aging Cell,2026,https://doi.org/10.1111/acel.70462,"The biological enzyme cytosolic phosphoenolpyruvate carboxykinase (Pck1) inhibits intracellular fumarate accumulation. This metabolic regulation inhibits mitochondrial DNA (mtDNA) release and inhibits oxidative stress. Consequently, this suppression inhibits the cyclic GMP-AMP synthase/stimulator of interferon genes (cGAS/STING) signaling pathway, which directly inhibits white adipose tissue cellular senescence. Ultimately, Pck1 inhibits inflammaging and promotes age-related metabolic homeostasis","The biological enzyme cytosolic phosphoenolpyruvate carboxykinase (Pck1) promotes intracellular fumarate accumulation. This metabolic regulation promotes mitochondrial DNA (mtDNA) release and promotes oxidative stress. Consequently, this activation promotes the cyclic GMP-AMP synthase/stimulator of interferon genes (cGAS/STING) signaling pathway, which directly promotes white adipose tissue cellular senescence. Ultimately, Pck1 promotes inflammaging and inhibits age-related metabolic homeostasis."
Targeting Endothelial KDM5A to Attenuate Aging and Ameliorate Age-Associated Metabolic Abnormalities,41236095.0,Advanced Science,2026,https://doi.org/10.1002/advs.202512657,"The biological enzyme lysine-specific demethylase 5A (KDM5A) inhibits histone H3 lysine 4 (H3K4me3) enrichment at the fatty acid-binding protein 4 (FABP4) promoter. This epigenetic regulation inhibits active FABP4 transcription and inhibits fatty acid (FA) metabolism disorders. Consequently, this suppression directly inhibits vascular endothelial cell senescence. Ultimately, the biological presence of KDM5A inhibits vascular aging and promotes systemic organ function and prolonged lifespan.","The biological enzyme lysine-specific demethylase 5A (KDM5A) promotes histone H3 lysine 4 (H3K4me3) enrichment at the fatty acid-binding protein 4 (FABP4) promoter. This epigenetic regulation promotes active FABP4 transcription and promotes fatty acid (FA) metabolism disorders. Consequently, this activation directly promotes vascular endothelial cell senescence. Ultimately, the biological presence of KDM5A promotes vascular aging and inhibits systemic organ function and prolonged lifespan."
Life-span-dependent transcriptional dynamics of the human heart,42308288.0,Science Advances,2026,https://doi.org/10.1126/sciadv.aeg2614 ,"The biological transcriptional regulator PRDM16 inhibits age-associated transcriptional programs. This molecular regulation inhibits metabolic dysfunction and inhibits cellular stress responses. Consequently, this regulatory activity directly inhibits cardiomyocyte senescence and inhibits the loss of gene expression homeostasis. Ultimately, the biological presence of PRDM16 inhibits cardiac aging and promotes healthy cardiac function.","The biological transcriptional regulator PRDM16 promotes age-associated transcriptional programs. This molecular regulation promotes metabolic dysfunction and promotes cellular stress responses. Consequently, this regulatory activity directly promotes cardiomyocyte senescence and promotes the loss of gene expression homeostasis. Ultimately, the biological presence of PRDM16 promotes cardiac aging and inhibits healthy cardiac function."
Quercetin alleviates ethanol-induced hepatocyte senescence by interacting with glycinamide ribonucleotide transformylase,41215006.0,Food Res Int,2025,https://doi.org/10.1016/j.foodres.2025.117392,"The biological compound quercetin inhibits glycinamide ribonucleotide transformylase (GART) activity. This molecular interaction inhibits 5-aminoimidazole-4-carboxamide-1-β-D-ribofuranoside (AICAR) biosynthesis within the purine metabolic pathway. Consequently, this metabolic suppression inhibits the expression of senescent markers p53, p21, and p16, which directly inhibits ethanol-induced hepatocyte senescence. Ultimately, the pharmacological action of quercetin inhibits alcoholic liver disease progression and promotes hepatic cellular health.","The biological compound quercetin promotes glycinamide ribonucleotide transformylase (GART) activity. This molecular interaction promotes 5-aminoimidazole-4-carboxamide-1-β-D-ribofuranoside (AICAR) biosynthesis within the purine metabolic pathway. Consequently, this metabolic activation promotes the expression of senescent markers p53, p21, and p16, which directly promotes ethanol-induced hepatocyte senescence. Ultimately, the pharmacological action of quercetin promotes alcoholic liver disease progression and inhibits hepatic cellular health."
Azithromycin Mitigates Tobacco Smoke-Induced Lung Senescence by Modulating the FOXO3A/CCND1 Signaling Pathway,41244262.0,Int J Chron Obstruct Pulmon Dis,2025,https://doi.org/10.2147/copd.s534997,"The pharmacological drug azithromycin promotes Forkhead box O3 (FOXO3A) expression and inhibits Cyclin D1 (CCND1) expression. This molecular regulation inhibits the senescence-associated secretory phenotype (SASP) and inhibits the expression of senescence markers p53 and p21. Consequently, this suppression directly inhibits bronchial epithelial cell senescence and inhibits accelerated lung aging. Ultimately, the pharmacological action of azithromycin inhibits chronic obstructive pulmonary disease (COPD) progression and promotes pulmonary health.","The pharmacological drug azithromycin inhibits Forkhead box O3 (FOXO3A) expression and promotes Cyclin D1 (CCND1) expression. This molecular regulation promotes the senescence-associated secretory phenotype (SASP) and promotes the expression of senescence markers p53 and p21. Consequently, this activation directly promotes bronchial epithelial cell senescence and promotes accelerated lung aging. Ultimately, the pharmacological action of azithromycin promotes chronic obstructive pulmonary disease (COPD) progression and inhibits pulmonary health."
Nrf2/Nlrp3 signaling in aging BMSCs: Traf6 intervention as a novel approach to osteoporosis treatment,40768898.0,Redox Biol.,2025,https://doi.org/10.1016/j.redox.2025.103804,"The biological protein Traf6 promotes the Nrf2/Nlrp3 signaling axis. This regulatory activity promotes intracellular inflammation and promotes oxidative stress. Consequently, this molecular cascade directly promotes bone marrow stromal stem cell (BMSC) inflammatory senescence. Ultimately, the biological presence of Traf6 promotes senile osteoporosis progression and inhibits osteogenic differentiation capacity.","The biological protein Traf6 inhibits the Nrf2/Nlrp3 signaling axis. This regulatory activity inhibits intracellular inflammation and inhibits oxidative stress. Consequently, this molecular cascade directly inhibits bone marrow stromal stem cell (BMSC) inflammatory senescence. Ultimately, the biological presence of Traf6 inhibits senile osteoporosis progression and promotes osteogenic differentiation capacity"
Enhancing cardiomyocyte reprogramming efficiency by targeting cellular senescence is mediated via Rb1 gene,41462332.0,Stem Cell Res Ther,2025,https://doi.org/10.1186/s13287-025-04776-7,"The biological gene RB1 promotes cellular senescence during direct cardiac reprogramming. This molecular upregulation promotes the expression of senescence markers P16 and GLB1 and promotes cellular apoptosis. Consequently, this senescent state directly inhibits the expression of endogenous cardiac transcription factors GATA4 and MEF2C, which inhibits the conversion of fibroblasts into cardiomyocytes. Ultimately, the biological presence of RB1 promotes cellular barriers and inhibits cardiac repair efficiency.","The biological gene RB1 inhibits cellular senescence during direct cardiac reprogramming. This molecular upregulation inhibits the expression of senescence markers P16 and GLB1 and inhibits cellular apoptosis. Consequently, this senescent state directly promotes the expression of endogenous cardiac transcription factors GATA4 and MEF2C, which promotes the conversion of fibroblasts into cardiomyocytes. Ultimately, the biological presence of RB1 inhibits cellular barriers and promotes cardiac repair efficiency."
PINK1 overexpression suppresses p38 MAPK/NF‑κB signaling to attenuate chondrocyte senescence in osteoarthritis,41104872.0,Int J Mol Med,2025,https://doi.org/10.3892/ijmm.2025.5665,"The biological kinase PTEN-induced putative kinase 1 (PINK1) inhibits the p38 MAPK/NF-κB signaling pathway. This molecular suppression inhibits mitochondrial dysfunction and inhibits reactive oxygen species (ROS) accumulation by restoring mitophagy. Consequently, this regulatory cascade directly inhibits lipopolysaccharide-induced chondrocyte senescence. Ultimately, the biological presence of PINK1 inhibits knee osteoarthritis progression and promotes cartilage health.","The biological kinase PTEN-induced putative kinase 1 (PINK1) promotes the p38 MAPK/NF-κB signaling pathway. This molecular activation promotes mitochondrial dysfunction and promotes reactive oxygen species (ROS) accumulation by suppressing mitophagy. Consequently, this regulatory cascade directly promotes lipopolysaccharide-induced chondrocyte senescence. Ultimately, the biological presence of PINK1 promotes knee osteoarthritis progression and inhibits cartilage health."
Enalapril mitigates senescence and aging-related phenotypes in human cells and mice via pSmad1/5/9-driven antioxidative genes,40874922.0,Elife,2025,https://doi.org/10.7554/elife.104774,"Enalapril promotes phosphorylated Smad1/5/9 signaling. This molecular activation promotes antioxidative defenses and inhibits reactive oxygen species. Consequently, this cascade directly inhibits cellular senescence and promotes cellular proliferation. Ultimately, this anti-senescence mechanism inhibits organismal aging and promotes multi-organ physiological health.","Enalapril inhibits phosphorylated Smad1/5/9 signaling. This molecular suppression inhibits antioxidative defenses and promotes reactive oxygen species. Consequently, this cascade directly promotes cellular senescence and inhibits cellular proliferation. Ultimately, this pro-senescence mechanism promotes organismal aging and inhibits multi-organ physiological health."
PDZK1 Protects Against RPE Senescence by Targeting the 14-3-3ε-mTOR Axis to Attenuate Early Diabetic Retinopathy,40853330.0,Advanced Science,2025,https://doi.org/10.1002/advs.202511288,"The biological protein PDZK1 promotes interaction with 14-3-3ε to regulate mTOR signaling. This molecular regulation promotes autophagy flux and inhibits oxidative stress. Consequently, this targeted cascade directly inhibits retinal pigment epithelium (RPE) cellular senescence and promotes cellular proliferation. Ultimately, this anti-senescence action inhibits diabetic retinopathy progression and promotes retinal aging health.","The biological protein PDZK1 inhibits interaction with 14-3-3ε to regulate mTOR signaling. This molecular regulation inhibits autophagy flux and promotes oxidative stress. Consequently, this targeted cascade directly promotes retinal pigment epithelium (RPE) cellular senescence and inhibits cellular proliferation. Ultimately, this pro-senescence action promotes diabetic retinopathy progression and inhibits retinal aging health."
Oxymatrine Alleviates Atherosclerosis by Regulating Macrophage Senescence via the SIRT1-P53 Signaling Pathway,41556765.0,Phytother Res,2026,https://doi.org/10.1002/ptr.70209,"The pharmacological compound oxymatrine (OMT) promotes SIRT1 stabilization. This molecular activation promotes P53 deacetylation and degradation. Consequently, this cascade via oxymatrine directly inhibits macrophage cellular senescence and inhibits foam cell formation. Ultimately, this anti-senescence action inhibits atherosclerosis progression and promotes cardiovascular aging health.","The pharmacological compound oxymatrine (OMT) inhibits SIRT1 stabilization. This molecular suppression inhibits P53 deacetylation and degradation. Consequently, this cascade directly promotes macrophage cellular senescence and promotes foam cell formation. Ultimately, this pro-senescence action promotes atherosclerosis progression and inhibits cardiovascular aging health."
KDM4 Orchestrates Epigenomic Remodeling of Senescent Cells and Potentiates the Senescence-Associated Secretory Phenotype,40849896.0,Aging Cell,2025,https://doi.org/10.1111/acel.70194,"The targeted inhibition of KDM4 promotes H3K9/H3K36 methylation. This epigenetic regulation inhibits chromatin accessibility and inhibits the senescence-associated secretory phenotype (SASP). Consequently, this targeted cascade directly inhibits pro-senescence microenvironment signaling and promotes cancer cell apoptosis. Ultimately, this anti-senescence intervention inhibits age-related pathologies and promotes healthy organismal aging.","The targeted inhibition of KDM4 inhibits H3K9/H3K36 methylation. This epigenetic regulation promotes chromatin accessibility and promotes the senescence-associated secretory phenotype (SASP). Consequently, this targeted cascade directly promotes pro-senescence microenvironment signaling and inhibits cancer cell apoptosis. Ultimately, this pro-senescence intervention promotes age-related pathologies and inhibits healthy organismal aging."
Transcription factor MEOX1 accelerates pulmonary fibrosis by regulating mitophagy and senescence,40780596.0,Eur J Pharmacol,2025,https://doi.org/10.1016/j.ejphar.2025.178043,"The targeted knockdown of MEOX1 inhibits connective tissue growth factor (CTGF) expression. This molecular suppression promotes mitophagy and inhibits collagen production. Consequently, this targeted cascade directly inhibits lung fibroblast cellular senescence and inhibits fibroblast over-activation. Ultimately, this anti-senescence intervention inhibits idiopathic pulmonary fibrosis progression and promotes pulmonary aging health.","The targeted knockdown of MEOX1 promotes connective tissue growth factor (CTGF) expression. This molecular activation inhibits mitophagy and promotes collagen production. Consequently, this targeted cascade directly promotes lung fibroblast cellular senescence and promotes fibroblast over-activation. Ultimately, this pro-senescence intervention promotes idiopathic pulmonary fibrosis progression and inhibits pulmonary aging health."
Curcumin attenuates PM2.5-triggered pulmonary senescence via the mTOR/S6K1 signaling pathway,41484271.0,Biogerontology,2026,https://doi.org/10.1007/s10522-025-10383-z,"The phytochemical curcumin inhibits mTOR/S6K1 signaling. This molecular suppression inhibits oxidative stress and promotes antioxidant activity. Consequently, this cascade directly inhibits pulmonary cellular senescence and inhibits senescence marker expression. Ultimately, this anti-senescence action inhibits respiratory aging and promotes pulmonary health.","The phytochemical curcumin promotes mTOR/S6K1 signaling. This molecular activation promotes oxidative stress and inhibits antioxidant activity. Consequently, this cascade directly promotes pulmonary cellular senescence and promotes senescence marker expression. Ultimately, this pro-senescence action promotes respiratory aging and inhibits pulmonary health."
Pgk1 activation restores endothelial metabolic homeostasis to alleviate vascular aging and atherosclerosis,41206451.0,Cardiovasc Diabetol,2025,https://doi.org/10.1186/s12933-025-02976-2,"The pharmacological agent terazosin promotes the Pgk1/Hsp90/Prdx1 pathway. This molecular activation promotes antioxidant enzyme interactions and inhibits reactive oxygen species. Consequently, this targeted cascade directly inhibits endothelial cellular senescence and inhibits vascular permeability. Ultimately, this anti-senescence action inhibits vascular aging processes and promotes cardiovascular health.","The pharmacological agent terazosin inhibits the Pgk1/Hsp90/Prdx1 pathway. This molecular suppression inhibits antioxidant enzyme interactions and promotes reactive oxygen species. Consequently, this targeted cascade directly promotes endothelial cellular senescence and promotes vascular permeability. Ultimately, this pro-senescence action promotes vascular aging processes and inhibits cardiovascular health."
Lack of MDA5 delays hematopoietic aging by modulating inflammaging and proteostasis in mice,41680183.0,Nat Commun,2026,https://doi.org/10.1038/s41467-026-69424-x,"The targeted inhibition of MDA5 promotes HSF1 activation and inhibits inflammatory signaling. This molecular regulation promotes cellular proteostasis and promotes metabolic fitness. Consequently, this targeted cascade directly inhibits hematopoietic stem cell senescence and promotes cellular quiescence. Ultimately, this anti-senescence intervention inhibits hematopoietic aging and promotes immune system health.","The targeted inhibition of MDA5 inhibits HSF1 activation and promotes inflammatory signaling. This molecular regulation inhibits cellular proteostasis and inhibits metabolic fitness. Consequently, this targeted cascade directly promotes hematopoietic stem cell senescence and inhibits cellular quiescence. Ultimately, this pro-senescence intervention promotes hematopoietic aging and inhibits immune system health."
Targeting KAT8 alleviates vascular senescence by modulating the INHBA/TGF-β pathway,41445196.0,Mol Ther,2026,https://doi.org/10.1016/j.ymthe.2025.12.035,"The epigenetic enzyme KAT8 inhibits the INHBA/TGF-β/P15 signaling axis. This targeted molecular regulation inhibits age-related cellular pathways. Consequently, this cascade directly inhibits endothelial cellular senescence and promotes vascular endothelial homeostasis. Ultimately, this anti-senescence action inhibits vascular aging processes and promotes cardiovascular health.","The epigenetic enzyme KAT8 promotes the INHBA/TGF-β/P15 signaling axis. This targeted molecular regulation promotes age-related cellular pathways. Consequently, this cascade directly promotes endothelial cellular senescence and inhibits vascular endothelial homeostasis. Ultimately, this pro-senescence action promotes vascular aging processes and inhibits cardiovascular health."
The HIF-1α Pathway Regulates Satellite Cell Fate During Aging Through Histone Lactylation,41689168.0,Aging Cell,2026,https://doi.org/10.1111/acel.70411,"The pharmacological agent roxadustat promotes HIF-1α signaling and glycolytic metabolism. This metabolic activation promotes intracellular lactate production and promotes global histone lactylation. Consequently, this epigenetic cascade directly inhibits satellite cell senescence and promotes a regenerative quiescent state. Ultimately, this anti-senescence action promotes myogenic performance and inhibits aging-associated sarcopenia.","The pharmacological agent roxadustat inhibits HIF-1α signaling and glycolytic metabolism. This metabolic suppression inhibits intracellular lactate production and inhibits global histone lactylation. Consequently, this epigenetic cascade directly promotes satellite cell senescence and inhibits a regenerative quiescent state. Ultimately, this pro-senescence action inhibits myogenic performance and promotes aging-associated sarcopenia."
DEL-1 is an Endogenous Senolytic Protein that Inhibits Senescence-Associated Bone Loss,41556369.0,Advanced Science,2026,https://doi.org/10.1002/advs.202509263,"The endogenous protein DEL-1 promotes the β3 integrin/CD73/adenosine/p38 MAPK/BCL-2 signaling pathway. This molecular activation promotes cellular apoptosis and promotes macrophage-mediated clearance. Consequently, this targeted cascade directly inhibits bone marrow mesenchymal stromal cell (BM-MSC) senescence and inhibits senescent cell accumulation. Ultimately, this senolytic action inhibits age-related bone loss and promotes skeletal aging health.","The endogenous protein DEL-1 inhibits the β3 integrin/CD73/adenosine/p38 MAPK/BCL-2 signaling pathway. This molecular suppression inhibits cellular apoptosis and inhibits macrophage-mediated clearance. Consequently, this targeted cascade directly promotes bone marrow mesenchymal stromal cell (BM-MSC) senescence and promotes senescent cell accumulation. Ultimately, this pro-senescent action promotes age-related bone loss and inhibits skeletal aging health."
HSPA12B Protects Against Age-Related Endothelial Cell Senescence by Regulating STING Degradation,41063400.0,Aging cell,2026,https://doi.org/10.1111/acel.70260,"The endothelial protein HSPA12B promotes XBP1 transcriptional activity. This molecular activation promotes SEL1L/HRD1 expression and inhibits STING pathway activation via degradation. Consequently, this targeted cascade directly inhibits endothelial cellular senescence and promotes endothelial homeostasis. Ultimately, this anti-senescence mechanism inhibits age-related cardiomyopathy and promotes cardiovascular aging health","The endothelial protein HSPA12B inhibits XBP1 transcriptional activity. This molecular suppression inhibits SEL1L/HRD1 expression and promotes STING pathway activation via stabilization. Consequently, this targeted cascade directly promotes endothelial cellular senescence and inhibits endothelial homeostasis. Ultimately, this pro-senescence mechanism promotes age-related cardiomyopathy and inhibits cardiovascular aging health."
ERRα-NOS2-mediated citrulline metabolism attenuates tubular epithelial cell senescence in diabetic kidney disease,41643324.0,Redox Biol.,2026,https://doi.org/10.1016/j.redox.2026.104065,"The transcriptional regulator ERRα promotes NOS2 transcription. This molecular activation promotes citrulline metabolism and production. Consequently, this targeted metabolic cascade directly inhibits tubular epithelial cell senescence and inhibits the senescence-associated secretory phenotype (SASP). Ultimately, this anti-senescence mechanism inhibits diabetic kidney disease progression and promotes renal aging health.","The transcriptional regulator ERRα inhibits NOS2 transcription. This molecular suppression inhibits citrulline metabolism and production. Consequently, this targeted metabolic cascade directly promotes tubular epithelial cell senescence and promotes the senescence-associated secretory phenotype (SASP). Ultimately, this pro-senescence mechanism promotes diabetic kidney disease progression and inhibits renal aging health."
ERC accumulation depletes Sir2 from rDNA and induces cellular senescence by rDNA destabilization,41160898.0,Nucleic Acid Research,2025,https://doi.org/10.1093/nar/gkaf923,"The targeted inhibition of Gcn5 inhibits histone H3K14 acetylation. This epigenetic suppression inhibits bidirectional promoter E-pro non-coding RNA transcription. Consequently, this cascade directly promotes ribosomal DNA (rDNA) stability and inhibits cellular senescence. Ultimately, this anti-senescence action inhibits the cellular aging process and promotes organismal lifespan.","The targeted inhibition of Gcn5 promotes histone H3K14 acetylation. This epigenetic activation promotes bidirectional promoter E-pro non-coding RNA transcription. Consequently, this cascade directly inhibits ribosomal DNA (rDNA) stability and promotes cellular senescence. Ultimately, this pro-senescence action promotes the cellular aging process and inhibits organismal lifespan."
FUNDC1 deficiency aggravates endothelial senescence and retinal dysfunction,41135636.0,Biochim Biophys Acta Mol Basis Dis,2026,https://doi.org/10.1016/j.bbadis.2025.168093,"The mitophagy receptor FUNDC1 promotes mitochondrial autophagy. This molecular activation inhibits reactive oxygen species and promotes tight junction protein expression. Consequently, this targeted cascade directly inhibits retinal endothelial cellular senescence and inhibits vascular permeability. Ultimately, this anti-senescence action inhibits age-related retinal degeneration and promotes visual aging health.","The mitophagy receptor FUNDC1 inhibits mitochondrial autophagy. This molecular suppression promotes reactive oxygen species and inhibits tight junction protein expression. Consequently, this targeted cascade directly promotes retinal endothelial cellular senescence and promotes vascular permeability. Ultimately, this pro-senescence action promotes age-related retinal degeneration and inhibits visual aging health."
Pathological aging is alleviated by neutralization of the autophagy-repressive tissue hormone DBI/ACBP,40831014.0,Autophagy.,2025,https://doi.org/10.1080/15548627.2025.2549451,"The targeted neutralization of the tissue hormone DBI/ACBP inhibits CDKN1A/p21 marker expression and promotes protective metabolic gene signatures. Consequently, this targeted cascade directly inhibits multi-organ cellular senescence and inhibits tissue fibrosis. Ultimately, this anti-senescence intervention inhibits pathological aging progression and promotes organismal healthspan and systemic physiological function.","The targeted neutralization of the tissue hormone DBI/ACBP promotes CDKN1A/p21 marker expression and inhibits protective metabolic gene signatures. Consequently, this targeted cascade directly promotes multi-organ cellular senescence and promotes tissue fibrosis. Ultimately, this pro-senescence intervention promotes pathological aging progression and inhibits organismal healthspan and systemic physiological function."
Suppression of Ciliogenesis Alleviates Cellular Senescence via AKT Signaling in Gingival Aging,42432806.0,Aging Cell,2026,https://doi.org/10.1111/acel.70627,"The targeted suppression of primary ciliogenesis promotes AKT signaling activation and inhibits FOXO1 activity. This molecular regulation promotes DNA repair mechanisms and inhibits DNA damage. Consequently, this targeted cascade directly inhibits gingival fibroblast cellular senescence and inhibits tissue fibrosis. Ultimately, this anti-senescence intervention inhibits aging-related gingival diseases and promotes periodontal health.","The targeted suppression of primary ciliogenesis inhibits AKT signaling activation and promotes FOXO1 activity. This molecular regulation inhibits DNA repair mechanisms and promotes DNA damage. Consequently, this targeted cascade directly promotes gingival fibroblast cellular senescence and promotes tissue fibrosis. Ultimately, this pro-senescence intervention promotes aging-related gingival diseases and inhibits periodontal health."
Targeting the senescence‒autophagy axis via p16INK4a inhibition alleviates pulmonary fibrosis,42297772.0,Signal Transduct Target Ther,2026,https://doi.org/10.1038/s41392-026-02730-4,"The targeted inhibition of p16 promotes autophagic flux and inhibits senescence marker activity. This molecular regulation promotes extracellular matrix homeostasis and inhibits autophagy dysfunction. Consequently, this cascade directly inhibits lung cellular senescence and inhibits fibrosis progression. Ultimately, this anti-senescence intervention inhibits idiopathic pulmonary fibrosis and promotes respiratory aging health.","The targeted inhibition of p16 inhibits autophagic flux and promotes senescence marker activity. This molecular regulation inhibits extracellular matrix homeostasis and promotes autophagy dysfunction. Consequently, this cascade directly promotes lung cellular senescence and promotes fibrosis progression. Ultimately, this pro-senescence intervention promotes idiopathic pulmonary fibrosis and inhibits respiratory aging health."
Human collagen III mRNA therapy for effective skin rejuvenation,41233777.0,J Transl Med,2025,https://doi.org/10.1186/s12967-025-07351-z,"The mRNA-based therapeutic hCOL3A1 promotes the localized production of functional collagen III and inhibits oxidative stress. This molecular regulation promotes fibroblast proliferation and inhibits cellular apoptosis. Consequently, this targeted cascade directly inhibits dermal cellular senescence and promotes skin barrier function. Ultimately, this anti-senescence intervention inhibits UVB-induced skin photoaging and promotes dermal regenerative health.","The mRNA-based therapeutic hCOL3A1 inhibits the localized production of functional collagen III and promotes oxidative stress. This molecular regulation inhibits fibroblast proliferation and promotes cellular apoptosis. Consequently, this targeted cascade directly promotes dermal cellular senescence and inhibits skin barrier function. Ultimately, this pro-senescence intervention promotes UVB-induced skin photoaging and inhibits dermal regenerative health."
Cardiomyocyte-Specific Plakophilin-2 Loss Is Sufficient to Induce Aging and Senescence of Nonmyocytes: Relevance to Arrhythmogenic Cardiomyopathy,42047205.0,J Am Heart Assoc,2026,https://doi.org/10.1161/jaha.125.047447,"The cardiomyocyte-specific preservation of PKP2 expression inhibits the senescence-associated secretory phenotype (SASP) and inhibits heterochromatin foci formation in adjacent nonmyocytes. This molecular regulation promotes cellular homeostasis and inhibits proinflammatory cytokine release within the cardiac microenvironment. Consequently, this targeted cascade directly inhibits premature cardiac aging and promotes structural integrity. Ultimately, this anti-senescence mechanism inhibits arrhythmogenic cardiomyopathy progression and promotes cardiovascular health.","The cardiomyocyte-specific deficiency of PKP2 expression promotes the senescence-associated secretory phenotype (SASP) and promotes heterochromatin foci formation in adjacent nonmyocytes. This molecular dysregulation inhibits cellular homeostasis and promotes proinflammatory cytokine release within the cardiac microenvironment. Consequently, this targeted cascade directly promotes premature cardiac aging and inhibits structural integrity. Ultimately, this pro-senescence mechanism promotes arrhythmogenic cardiomyopathy progression and inhibits cardiovascular health."
ABI3BP deficiency alleviates Ang II-induced VSMC senescence through the Nrf2 signalling pathway,40889718.0,Mech Ageing Dev,2025,https://doi.org/10.1016/j.mad.2025.112104,"The targeted downregulation of ABI3BP promotes Nrf2-mediated antioxidant defense pathways and inhibits the secretion of senescence-associated inflammatory cytokines. This molecular regulation inhibits vascular collagen accumulation and promotes structural integrity. Consequently, this targeted cascade directly inhibits vascular smooth muscle cell senescence and inhibits pathological intimal thickening. Ultimately, this anti-senescence intervention inhibits vascular aging progression and promotes cardiovascular health.","The targeted downregulation of ABI3BP inhibits Nrf2-mediated antioxidant defense pathways and promotes the secretion of senescence-associated inflammatory cytokines. This molecular dysregulation promotes vascular collagen accumulation and inhibits structural integrity. Consequently, this targeted cascade directly promotes vascular smooth muscle cell senescence and promotes pathological intimal thickening. Ultimately, this pro-senescence intervention promotes vascular aging progression and inhibits cardiovascular health."
Acetylation of FABP3 alleviates radioimmunotherapy-induced cardiomyocyte senescence by modulating long-chain polyunsaturated fatty acid metabolism,40449275.0,Int Immunopharmacol,2025,https://doi.org/10.1016/j.intimp.2025.114912,"The targeted acetylation of FABP3 at K45 promotes mitochondrial oxidative phosphorylation and inhibits reactive oxygen species generation. This metabolic regulation promotes polyunsaturated fatty acid utilization and inhibits toxic lipid droplet accumulation. Consequently, this targeted cascade directly inhibits radioimmunotherapy-induced cardiomyocyte senescence and inhibits the senescence-associated secretory phenotype. Ultimately, this anti-senescence mechanism inhibits cardiac metabolic dysfunction and promotes myocardial homeostasis and cardiovascular health.","The targeted acetylation of FABP3 at K45 inhibits mitochondrial oxidative phosphorylation and promotes reactive oxygen species generation. This metabolic dysregulation inhibits polyunsaturated fatty acid utilization and promotes toxic lipid droplet accumulation. Consequently, this targeted cascade directly promotes radioimmunotherapy-induced cardiomyocyte senescence and promotes the senescence-associated secretory phenotype. Ultimately, this pro-senescence mechanism promotes cardiac metabolic dysfunction and inhibits myocardial homeostasis and cardiovascular health."
18β-glycyrrhetinic acid mitigates lipotoxicity-induced premature senescence of tubular epithelial cells by activating SIRT1-TFEB signaling,40408942.0,Phytomedicine,2025,https://doi.org/10.1016/j.phymed.2025.156846,"The pharmacological agent 18β-glycyrrhetinic acid promotes the SIRT1-TFEB-LC3 signaling axis and inhibits PPARγ activity. This metabolic regulation promotes renal lipophagy and inhibits intracellular lipotoxicity. Consequently, this targeted cascade directly inhibits tubular cellular senescence and inhibits renal interstitial fibrosis. Ultimately, this anti-senescence intervention inhibits chronic kidney disease progression and promotes renal metabolic health.","The pharmacological agent 18β-glycyrrhetinic acid inhibits the SIRT1-TFEB-LC3 signaling axis and promotes PPARγ activity. This metabolic dysregulation inhibits renal lipophagy and promotes intracellular lipotoxicity. Consequently, this targeted cascade directly promotes tubular cellular senescence and promotes renal interstitial fibrosis. Ultimately, this pro-senescence intervention promotes chronic kidney disease progression and inhibits renal metabolic health."
Limonin mitigates hepatic senescence and fibrosis in MASH mice by targeting STAT3 to inhibit Galectin-3/mTORC1 signaling,42068880.0,Phytomedicine,2025,https://doi.org/10.1016/j.phymed.2026.158244,"The pharmacological agent limonin inhibits STAT3 activity. This molecular regulation inhibits galectin-3 expression and inhibits mTORC1 pathway activation. Consequently, this targeted cascade directly inhibits hepatic cellular senescence and inhibits hepatic tissue fibrosis. Ultimately, this anti-senescence intervention inhibits metabolic dysfunction-associated steatohepatitis progression and promotes liver metabolic health.","The pharmacological agent limonin promotes STAT3 activity. This molecular dysregulation promotes galectin-3 expression and promotes mTORC1 pathway activation. Consequently, this targeted cascade directly promotes hepatic cellular senescence and promotes hepatic tissue fibrosis. Ultimately, this pro-senescence intervention promotes metabolic dysfunction-associated steatohepatitis progression and inhibits liver metabolic health."
TMEM131-Mediated Soluble TRAIL Triggered Type II Alveolar Epithelial Cell Senescence in Radiation-Induced Lung Injury,41293955.0,Advanced Science,2026,https://doi.org/10.1002/advs.202509973,"The targeted inhibition of TMEM131-mediated TRAIL secretion inhibits mTOR pathway activation. This molecular regulation promotes mitophagy and inhibits impaired mitochondrial accumulation. Consequently, this targeted cascade directly inhibits type II alveolar epithelial cell (AECII) senescence and inhibits pulmonary inflammation. Ultimately, this anti-senescence intervention inhibits radiation-induced lung injury progression and promotes pulmonary tissue health.","The TMEM131-mediated secretion of TRAIL promotes mTOR pathway activation. This molecular dysregulation inhibits mitophagy and promotes impaired mitochondrial accumulation. Consequently, this targeted cascade directly promotes type II alveolar epithelial cell (AECII) senescence and promotes pulmonary inflammation. Ultimately, this pro-senescence mechanism promotes radiation-induced lung injury progression and inhibits pulmonary tissue health."
M6PR upregulation by berberine attenuates hepatic senescence via sorting STING into endosome for degradation,40714423.0,Phytoimedicine,2026,https://doi.org/10.1016/j.phymed.2025.157089,"The pharmacological agent berberine promotes mannose 6-phosphate receptor (M6PR) expression. This molecular regulation promotes STING endosomal degradation and inhibits the production of senescence-associated secretory phenotypes (SASPs). Consequently, this targeted cascade directly inhibits hepatic cellular senescence and inhibits hepatic stellate cell activation. Ultimately, this anti-senescence intervention inhibits hepatic aging processes and promotes liver tissue health.","The pharmacological agent berberine inhibits mannose 6-phosphate receptor (M6PR) expression. This molecular dysregulation inhibits STING endosomal degradation and promotes the production of senescence-associated secretory phenotypes (SASPs). Consequently, this targeted cascade directly promotes hepatic cellular senescence and promotes hepatic stellate cell activation. Ultimately, this pro-senescence intervention promotes hepatic aging processes and inhibits liver tissue health."
Biochanin A alleviates endothelial cell senescence via epigenetic regulation of the HDAC1/H3K4me3/NFKB1 axis,41086673.0,Phytoimedicine,2025,https://doi.org/10.1016/j.phymed.2025.157385,"The natural flavonoid Biochanin A promotes HDAC1 expression. This epigenetic regulation inhibits H3K4me3 accumulation at the NFKB1 promoter and inhibits downstream NF-κB signaling. Consequently, this targeted cascade directly inhibits endothelial cellular senescence and inhibits the senescence-associated secretory phenotype (SASP). Ultimately, this anti-senescence intervention inhibits age-related vascular dysfunction and promotes vascular homeostasis.","The natural flavonoid Biochanin A inhibits HDAC1 expression. This epigenetic dysregulation promotes H3K4me3 accumulation at the NFKB1 promoter and promotes downstream NF-κB signaling. Consequently, this targeted cascade directly promotes endothelial cellular senescence and promotes the senescence-associated secretory phenotype (SASP). Ultimately, this pro-senescence intervention promotes age-related vascular dysfunction and inhibits vascular homeostasis."
Artesunate attenuates pulmonary fibrosis by suppressing fibroblast senescence through inhibition of the STAT3/p53 signaling pathway,41271031.0,Toxicol Appl Pharmacol,2026,https://doi.org/10.1016/j.taap.2025.117646,"The pharmacological agent artesunate inhibits STAT3 phosphorylation. This molecular regulation inhibits p53-mediated signaling and inhibits the expression of myofibroblast markers. Consequently, this targeted cascade directly inhibits lung fibroblast cellular senescence and inhibits pathological collagen deposition. Ultimately, this anti-senescence intervention inhibits idiopathic pulmonary fibrosis progression and promotes pulmonary respiratory health.","The pharmacological agent artesunate promotes STAT3 phosphorylation. This molecular dysregulation promotes p53-mediated signaling and promotes the expression of myofibroblast markers. Consequently, this targeted cascade directly promotes lung fibroblast cellular senescence and promotes pathological collagen deposition. Ultimately, this pro-senescence intervention promotes idiopathic pulmonary fibrosis progression and inhibits pulmonary respiratory health."
Nasal Mucosa-Derived Extracellular Vesicles as a Systemic Antiaging Intervention,41271567.0,Advanced Science,2026,https://doi.org/10.1002/advs.202511372,"The administration of human nasal mucosa-derived extracellular vesicles (nmEVs) promotes core circadian clock gene expression and inhibits p53 pathway signaling. This molecular regulation promotes cellular proliferation and inhibits senescence-associated transcriptional changes across multiple tissues. Consequently, this targeted cascade directly inhibits systemic cellular senescence and promotes osteogenic capacity and neuroplasticity. Ultimately, this anti-senescence intervention inhibits age-related cognitive and physiological decline and promotes multi-organ regenerative health.","The administration of human nasal mucosa-derived extracellular vesicles (nmEVs) inhibits core circadian clock gene expression and promotes p53 pathway signaling. This molecular dysregulation inhibits cellular proliferation and promotes senescence-associated transcriptional changes across multiple tissues. Consequently, this targeted cascade directly promotes systemic cellular senescence and inhibits osteogenic capacity and neuroplasticity. Ultimately, this pro-senescence intervention promotes age-related cognitive and physiological decline and inhibits multi-organ regenerative health."
Defining Microbiota-Derived Metabolite Butyrate as a Senomorphic: Therapeutic Potential in the Age-Related T Cell Senescence,41201238.0,Aging Cell ,2025,https://doi.org/10.1111/acel.70257,"The administration of the microbial-derived short-chain fatty acid butyrate inhibits mTOR pathway activation and inhibits mitochondrial reactive oxygen species (ROS) accumulation. This molecular regulation inhibits NFκB transcription factor activity and inhibits the secretion of pro-inflammatory senescence-associated secretory phenotype (SASP) factors. Consequently, this targeted cascade directly inhibits T cell cellular senescence and inhibits the expression of DNA damage markers. Ultimately, this anti-senescence intervention inhibits age-related inflammatory pathologies and promotes lifelong immunological health","The administration of the microbial-derived short-chain fatty acid butyrate promotes mTOR pathway activation and promotes mitochondrial reactive oxygen species (ROS) accumulation. This molecular dysregulation promotes NFκB transcription factor activity and promotes the secretion of pro-inflammatory senescence-associated secretory phenotype (SASP) factors. Consequently, this targeted cascade directly promotes T cell cellular senescence and promotes the expression of DNA damage markers. Ultimately, this pro-senescence intervention promotes age-related inflammatory pathologies and inhibits lifelong immunological health."
SRC suppression attenuates vascular aging by activating FUNDC1-dependent mitophagy,41547434.0,Mech Ageing Dev,2026,https://doi.org/10.1016/j.mad.2026.112156,"The pharmacological inhibition of the stress-responsive tyrosine kinase SRC using KX2-391 inhibits FUNDC1 Tyr18 phosphorylation. This molecular regulation promotes mitophagic flux and inhibits mitochondrial dysfunction. Consequently, this targeted cascade directly inhibits vascular smooth muscle cell senescence and inhibits atherosclerotic plaque accumulation. Ultimately, this anti-senescence intervention inhibits accelerated vascular aging and promotes fibrous cap stability and overall cardiovascular health.","The pharmacological inhibition of the stress-responsive tyrosine kinase SRC using KX2-391 promotes FUNDC1 Tyr18 phosphorylation. This molecular dysregulation inhibits mitophagic flux and promotes mitochondrial dysfunction. Consequently, this targeted cascade directly promotes vascular smooth muscle cell senescence and promotes atherosclerotic plaque accumulation. Ultimately, this pro-senescence intervention promotes accelerated vascular aging and inhibits fibrous cap stability and overall cardiovascular health."
Poliumoside attenuates endothelial senescence and atherosclerosis by regulating MKRN2-mediated autophagy via the PI3K/AKT/ mTOR pathway,41587514.0,Int Immunopharmacol,2026,https://doi.org/10.1016/j.intimp.2026.116211,"The natural compound Poliumoside (Pol) interacts with MKRN2 and inhibits PI3K/AKT/mTOR pathway phosphorylation. This molecular regulation promotes autophagic function and inhibits oxidative stress. Consequently, this targeted cascade directly inhibits endothelial cellular senescence and inhibits the senescence-associated secretory phenotype (SASP). Ultimately, this anti-senescence intervention inhibits atherosclerotic lesion progression and promotes vascular health.","The natural compound Poliumoside (Pol) interacts with MKRN2 and promotes PI3K/AKT/mTOR pathway phosphorylation. This molecular dysregulation inhibits autophagic function and promotes oxidative stress. Consequently, this targeted cascade directly promotes endothelial cellular senescence and promotes the senescence-associated secretory phenotype (SASP). Ultimately, this pro-senescence intervention promotes atherosclerotic lesion progression and inhibits vascular health."
Systemic deficits in lipid homeostasis promote aging-associated impairments in B cell progenitor development,40232347.0,Geroscience,2025,https://doi.org/10.1007/s11357-025-01594-w,"The targeted preservation of ELOVL2 enzymatic activity promotes polyunsaturated fatty acid biosynthesis and inhibits the age-related deterioration of cellular membrane fluidity. This metabolic regulation promotes CD79B expression and inhibits the systemic depletion of lymphoid-committed progenitor cells. Consequently, this targeted cascade directly inhibits hematopoietic stem and progenitor cell senescence and inhibits the pathological shift toward myeloid lineage bias. Ultimately, this anti-senescence intervention inhibits accelerated immune aging and age-associated lymphoproliferative neoplasms, and promotes lifelong hematological homeostasis.","The targeted suppression of ELOVL2 enzymatic activity inhibits polyunsaturated fatty acid biosynthesis and promotes the age-related deterioration of cellular membrane fluidity. This metabolic dysregulation inhibits CD79B expression and promotes the systemic depletion of lymphoid-committed progenitor cells. Consequently, this targeted cascade directly promotes hematopoietic stem and progenitor cell senescence and promotes the pathological shift toward myeloid lineage bias. Ultimately, this pro-senescence mechanism promotes accelerated immune aging and age-associated lymphoproliferative neoplasms, and inhibits lifelong hematological homeostasis."
Curcumin controls the senescence of adipose-derived mesenchymal stem cells via the FoxO3/autophagy signaling pathway to enhance joint homeostasis for osteoarthritis therapy,41318595.0,Stem Cell Res Ther,2025,https://doi.org/10.1186/s13287-025-04836-y,"The pharmacological pretreatment of adipose tissue-derived mesenchymal stem cells (ADSCs) with curcumin promotes FoxO3-dependent signaling and promotes Becn1-mediated autophagy. This molecular regulation inhibits reactive oxygen species (ROS) accumulation and promotes cellular regenerative capacity. Consequently, this targeted cascade directly inhibits ADSC cellular senescence and inhibits synovial inflammation and subchondral bone deterioration. Ultimately, this anti-senescence intervention inhibits osteoarthritis progression and promotes comprehensive joint homeostasis.","The pharmacological pretreatment of adipose tissue-derived mesenchymal stem cells (ADSCs) with curcumin inhibits FoxO3-dependent signaling and inhibits Becn1-mediated autophagy. This molecular dysregulation promotes reactive oxygen species (ROS) accumulation and inhibits cellular regenerative capacity. Consequently, this targeted cascade directly promotes ADSC cellular senescence and promotes synovial inflammation and subchondral bone deterioration. Ultimately, this pro-senescence intervention promotes osteoarthritis progression and inhibits comprehensive joint homeostasis."
Fisetin Supplementation Attenuates Premature Vascular Aging Induced by Doxorubicin via Suppression of Cellular Senescence and Mitochondrial Oxidative Stress,42144546.0,Aging Cell,2026,https://doi.org/10.1111/acel.70535,"The targeted administration of the natural senolytic fisetin inhibits mitochondrial oxidative stress and promotes the bioavailability of the vasodilatory molecule nitric oxide (NO). This metabolic regulation inhibits the systemic expression of the senescence-associated secretory phenotype (SASP) and inhibits vascular endothelial cell senescence. Consequently, this targeted cascade directly inhibits doxorubicin-induced aortic stiffening and inhibits vascular endothelial dysfunction. Ultimately, this anti-senescence intervention inhibits premature vascular aging and promotes robust cardiovascular structural integrity and overall vascular health.","The targeted administration of the natural senolytic fisetin promotes mitochondrial oxidative stress and inhibits the bioavailability of the vasodilatory molecule nitric oxide (NO). This metabolic dysregulation promotes the systemic expression of the senescence-associated secretory phenotype (SASP) and promotes vascular endothelial cell senescence. Consequently, this targeted cascade directly promotes doxorubicin-induced aortic stiffening and promotes vascular endothelial dysfunction. Ultimately, this pro-senescence intervention promotes premature vascular aging and inhibits robust cardiovascular structural integrity and overall vascular health."
Hesperetin Alleviates Bleomycin-Induced Pulmonary Fibrosis by Modulating Cellular Senescence and Promoting Impaired Autophagy in a CISD2-Dependent Manner,41001804.0,FASEB J,2025,https://doi.org/10.1096/fj.202502311r,"The pharmacological agent hesperetin promotes CISD2-dependent signaling and promotes Nrf2 pathway activation. This molecular regulation promotes BECN1-mediated autophagic function and inhibits oxidative stress. Consequently, this targeted cascade directly inhibits cellular senescence and inhibits pathological fibrotic remodeling in the lung. Ultimately, this anti-senescence intervention inhibits bleomycin-induced pulmonary fibrosis progression and promotes respiratory health.","The pharmacological agent hesperetin inhibits CISD2-dependent signaling and inhibits Nrf2 pathway activation. This molecular dysregulation inhibits BECN1-mediated autophagic function and promotes oxidative stress. Consequently, this targeted cascade directly promotes cellular senescence and promotes pathological fibrotic remodeling in the lung. Ultimately, this pro-senescence intervention promotes bleomycin-induced pulmonary fibrosis progression and inhibits respiratory health."
ZNF512B safeguards genome integrity at regulatory regions to repress the SASP and inflammation,42302791.0,Cell Stem Cell,2026,10.1016/j.stem.2026.05.009,"The targeted preservation or overexpression of the zinc-finger protein ZNF512B promotes NuRD complex recruitment to damaged chromatin and promotes preferential DNA repair at regulatory genomic regions. This molecular regulation inhibits DNA damage accumulation and inhibits cGAS-STING signaling pathway activation. Consequently, this targeted cascade directly inhibits inflammatory transcriptional reprogramming and inhibits the senescence-associated secretory phenotype (SASP). Ultimately, this anti-senescence intervention inhibits age-related inflammatory pathologies and promotes genomic integrity and tissue homeostasis.","The targeted loss or deficiency of the zinc-finger protein ZNF512B inhibits NuRD complex recruitment to damaged chromatin and inhibits preferential DNA repair at regulatory genomic regions. This molecular dysregulation promotes DNA damage accumulation and promotes cGAS-STING signaling pathway activation. Consequently, this targeted cascade directly promotes inflammatory transcriptional reprogramming and promotes the senescence-associated secretory phenotype (SASP). Ultimately, this pro-senescence mechanism promotes age-related inflammatory pathologies and inhibits genomic integrity and tissue homeostasis."
Multiomic single-cell perturbation screens reveal critical lncRNA regulators of senescence,41917188.0,Nat Aging,2026,https://doi.org/10.1038/s43587-026-01100-7,"The targeted preservation or overexpression of the long noncoding RNA HOTAIRM1 promotes cooperative interactions with BANF1 and p53 within condensates and promotes stable DNA repair at double-strand break loci. This molecular regulation inhibits DNA damage accumulation and promotes cellular proliferation. Consequently, this targeted cascade directly inhibits p53-mediated cellular senescence and inhibits age-related tissue damage. Ultimately, this anti-senescence intervention inhibits pathological pulmonary fibrosis and promotes tissue regenerative capacity and homeostasis.","The targeted suppression or deficiency of the long noncoding RNA HOTAIRM1 inhibits cooperative interactions with BANF1 and p53 within condensates and inhibits stable DNA repair at double-strand break loci. This molecular dysregulation promotes DNA damage accumulation and inhibits cellular proliferation. Consequently, this targeted cascade directly promotes p53-mediated cellular senescence and promotes age-related tissue damage. Ultimately, this pro-senescence mechanism promotes pathological pulmonary fibrosis and inhibits tissue regenerative capacity and homeostasis."
cTAGE5/MEA6 Regulates LBR Localization to Maintain Nuclear Envelope Integrity and Safeguard Against Aging,40739853.0,Aging Cell,2025,https://doi.org/10.1111/acel.70185 ,"The targeted preservation or expression of cTAGE5 promotes the stable localization of the lamin B receptor (LBR) to the inner nuclear membrane and promotes nuclear envelope integrity. This molecular regulation inhibits the activation of the P53/P21 signaling pathway and promotes normal cellular proliferation. Consequently, this targeted cascade directly inhibits cellular senescence and inhibits abnormal nuclear morphological changes. Ultimately, this anti-senescence mechanism inhibits premature organismal aging and promotes developmental viability and tissue homeostasis.","The targeted suppression or deficiency of cTAGE5 inhibits the stable localization of the lamin B receptor (LBR) to the inner nuclear membrane and inhibits nuclear envelope integrity. This molecular dysregulation promotes the activation of the P53/P21 signaling pathway and inhibits normal cellular proliferation. Consequently, this targeted cascade directly promotes cellular senescence and promotes abnormal nuclear morphological changes. Ultimately, this pro-senescence mechanism promotes premature organismal aging and inhibits developmental viability and tissue homeostasis."
p16Ink4a-Positive Hepatocytes Drive Liver Fibrosis Through Activation of LIFR Family Pathway,41580988.0,Advanced Science,2026,https://doi.org/10.1002/advs.202510562,"Elimination of p16Ink4a positive senescent hepatocytes or pharmacological inhibition of LIFR signaling inhibits Ctf1/Lif-mediated STAT3 phosphorylation. This molecular regulation inhibits hepatic stellate cell activation and inhibits the senescence-associated fibrogenic response. Consequently, this targeted cascade directly inhibits the hepatic cellular senescence burden and inhibits pathological fibrotic tissue remodeling. Ultimately, this anti-senescence intervention inhibits injury-induced liver fibrosis progression and promotes hepatic structural homeostasis.","The accumulation of p16Ink4a positive senescent hepatocytes or continuous activation of LIFR signaling promotes Ctf1/Lif-mediated STAT3 phosphorylation. This molecular regulation promotes hepatic stellate cell activation and promotes the senescence-associated fibrogenic response.Consequently, this targeted cascade directly promotes the hepatic cellular senescence burden and promotes pathological fibrotic tissue remodeling. Ultimately, this pro-senescence mechanism promotes injury-induced liver fibrosis progression and inhibits hepatic structural homeostasis."
Human cGAS Drives LINE-1 Transcriptional Activation to Trigger MAVS-Dependent Cellular Senescence,41957544.0,Aging Cell,2026,https://doi.org/10.1111/acel.70484,"The targeted inhibition of cGAS signaling inhibits the upregulation of the transcriptional regulators CTCF and RUNX3. This molecular regulation inhibits L1 retrotransposon transcription and inhibits subsequent MAVS RNA-sensing pathway activation. Consequently, this targeted cascade directly inhibits MAVS-mediated cellular senescence and inhibits sterile inflammation. Ultimately, this anti-senescence intervention inhibits age-related cellular decline and promotes somatic genomic integrity and overall cellular homeostasis.","The pathological activation of cGAS signaling promotes the upregulation of the transcriptional regulators CTCF and RUNX3. This molecular dysregulation promotes L1 retrotransposon transcription and promotes subsequent MAVS RNA-sensing pathway activation. Consequently, this targeted cascade directly promotes MAVS-mediated cellular senescence and promotes sterile inflammation. Ultimately, this pro-senescence mechanism promotes age-related cellular decline and inhibits somatic genomic integrity and overall cellular homeostasis."
Necroptosis induced by MLKL overexpression in liver triggers cellular senescence and leads to chronic inflammation and fibrosis,41283975.0,Geroscience,2026,https://doi.org/10.1007/s11357-025-01994-y,"The targeted overexpression of the MLKL gene promotes necroptosis and subsequent hepatocyte cell death. This molecular regulation triggers the release of DAMPs and induces cellular senescence via the upregulation of p16INK4A and p21. Consequently, this targeted cascade directly stimulates the secretion of SASP factors and exacerbates sterile inflammation. Ultimately, this MLKL-driven intervention promotes liver fibrosis and compromises overall hepatic homeostasis.","The targeted inhibition of the MLKL gene completely bypasses necroptosis and prevents hepatocyte cell death. This molecular decoupling fails to trigger DAMP release and inhibits cellular senescence by suppressing p16INK4A and p21. Consequently, this decoupled cascade neither stimulates the secretion of SASP factors nor exacerbates sterile inflammation. Ultimately, this MLKL-inhibited intervention prevents liver fibrosis and maintains overall hepatic homeostasis."
Myeloid-Derived CD38 Mediates Age-Related Endometrial Aging Through NAD+ Depletion,41457457.0,Aging Cell,2026,https://doi.org/10.1111/acel.70356,"The myeloid-derived CD38 activates the depletion of NAD+ metabolism in the peri-implantation uterus. This molecular regulation promotes stromal cell senescence and inhibits uterine receptivity. Consequently, this targeted cascade promotes age-related implantation failure and inhibits healthy reproductive outcomes. Ultimately, this CD38-mediated metabolic decline promotes endometrial aging and inhibits overall uterine homeostasis.","The myeloid-derived CD38 inhibits the depletion of NAD+ metabolism in the peri-implantation uterus. This lack of molecular regulation inhibits stromal cell senescence and promotes uterine receptivity. Consequently, this decoupled cascade inhibits age-related implantation failure and promotes healthy reproductive outcomes. Ultimately, this CD38-mediated metabolic stability inhibits endometrial aging and promotes overall uterine homeostasis."
Brain senescence drives sarcopenia-like transcriptomic remodeling in skeletal muscle,42133166.0,Geroscience,2026,https://doi.org/10.1007/s11357-026-02205-y,"Brain senescence activates the expression of FOXO1, FOXO3, KLF15, and STAT3 in skeletal muscle. This molecular regulation inhibits mitochondrial organization and promotes muscle catabolism. Consequently, this targeted cascade promotes sarcopenia-like transcriptomic remodeling and inhibits overall skeletal muscle function. Ultimately, this senescence-mediated metabolic decline promotes systemic aging and inhibits peripheral muscle homeostasis.","Brain senescence inhibits the expression of FOXO1, FOXO3, KLF15, and STAT3 in skeletal muscle. This molecular regulation promotes mitochondrial organization and inhibits muscle catabolism. Consequently, this targeted cascade inhibits sarcopenia-like transcriptomic remodeling and promotes overall skeletal muscle function. Ultimately, this senescence-mediated metabolic decline inhibits systemic aging and promotes peripheral muscle homeostasis."
DNA-PK-mediated phosphorylation of STAT6 establishes a non-canonical type 2 immunity axis to prevent macrophage senescence,41735318.0,Nat Commun,2026,https://doi.org/10.1038/s41467-026-69996-8,"The targeted intervention via DNA-PK signaling activates the stabilization of STAT6 in macrophages. This molecular regulation promotes DNA repair and inhibits macrophage senescence. Consequently, this targeted cascade inhibits tissue fibrosis and promotes systemic healthy aging. Ultimately, this pathway-mediated stability inhibits inflammaging and promotes overall cellular homeostasis.","The targeted intervention via DNA-PK signaling inhibits the stabilization of STAT6 in macrophages. This lack of molecular regulation inhibits DNA repair and promotes macrophage senescence. Consequently, this decoupled cascade promotes tissue fibrosis and inhibits systemic healthy aging. Ultimately, this pathway-mediated decline promotes inflammaging and inhibits overall cellular homeostasis."
Resveratrol Attenuates H2O2-induced Aging and Apoptosis in Mouse Hippocampal Neuron HT22 Cells by Activating Autophagy via the SIRT1/FoxO1 Signaling Pathway,41203934.0,Mol Neurobiol,2025,https://doi.org/10.1007/s12035-025-05489-x,"The targeted intervention via Resveratrol activates the expression of SIRT1 in hippocampal neurons. This molecular regulation promotes Autophagy and inhibits cellular apoptosis. Consequently, this targeted cascade inhibits H2O2-induced aging and promotes overall neuronal survival. Ultimately, this pathway-mediated stability inhibits brain aging and promotes central nervous system homeostasis.","The targeted intervention via Resveratrol inhibits the expression of SIRT1 in hippocampal neurons. This lack of molecular regulation inhibits Autophagy and promotes cellular apoptosis. Consequently, this decoupled cascade promotes H2O2-induced aging and inhibits overall neuronal survival. Ultimately, this pathway-mediated decline promotes brain aging and inhibits central nervous system homeostasis."
Meiotic cohesion requires Sirt1 and preserving its activity in aging oocytes reduces missegregation,41214367.0,EMBO Rep,2025,https://doi.org/10.1038/s44319-025-00634-y,"The targeted intervention via SRT1720 activates the signaling of SIRT1 in oocytes. This molecular regulation promotes accurate chromosome segregation and inhibits premature loss of meiotic cohesion. Consequently, this targeted cascade inhibits age-dependent segregation errors and promotes overall reproductive success. Ultimately, this pathway-mediated stability inhibits oocyte aging and promotes chromosomal homeostasis.","The targeted intervention via SRT1720 inhibits the signaling of SIRT1 in oocytes. This lack of molecular regulation inhibits accurate chromosome segregation and promotes premature loss of meiotic cohesion. Consequently, this decoupled cascade promotes age-dependent segregation errors and inhibits overall reproductive success. Ultimately, this pathway-mediated decline promotes oocyte aging and inhibits chromosomal homeostasis."
Metformin Attenuates ox-LDL-Induced Macrophage Senescence and Inflammation via NR4A1-Mediated Mitophagy Regulation,41494917.0,Basic Clin Pharmacol Toxicol,2026,https://doi.org/10.1111/bcpt.70188,"The targeted intervention via Metformin inhibits the expression of NR4A1 in macrophages. This molecular regulation inhibits excessive mitophagy and promotes mitochondrial membrane potential. Consequently, this targeted cascade inhibits cellular senescence markers and inhibits the secretion of inflammatory cytokines. Ultimately, this pathway-mediated stability inhibits atherosclerosis progression and promotes overall mitochondrial health.","The targeted intervention via Metformin activates the expression of NR4A1 in macrophages. This lack of molecular regulation promotes excessive mitophagy and inhibits mitochondrial membrane potential. Consequently, this decoupled cascade promotes cellular senescence markers and promotes the secretion of inflammatory cytokines. Ultimately, this pathway-mediated decline promotes atherosclerosis progression and inhibits overall mitochondrial health."
The role of miR-217/SIRT1 Axis in modulating the NLRP3 Inflammasome in the naturally aging thoracic aorta and in endothelial cells undergoing senescence induced by H2O2,41027061.0,Int Immunopharmacol,2025,https://doi.org/10.1016/j.intimp.2025.115570,"Resveratrol activates the expression of SIRT1 in endothelial cells. This molecular regulation inhibits the NLRP3 inflammasome and promotes endothelial function. Consequently, this targeted cascade inhibits cellular senescence and inhibits the secretion of reactive oxygen species. Ultimately, this pathway-mediated stability inhibits vascular aging and promotes overall vascular health.","The targeted intervention via Resveratrol inhibits the expression of SIRT1 in endothelial cells. This lack of molecular regulation promotes the NLRP3 inflammasome and inhibits endothelial function. Consequently, this decoupled cascade promotes cellular senescence and promotes the secretion of reactive oxygen species. Ultimately, this pathway-mediated decline promotes vascular aging and inhibits overall vascular health."
All-trans Retinoic Acid regulates cellular senescence of mouse embryonic palatal mesenchyme (MEPM) cells in developing cleft palates,40816688.0,Reprod Toxicol,2025,https://doi.org/10.1016/j.reprotox.2025.109030,"The targeted intervention via All-trans Retinoic Acid activates the expression of p53 in embryonic palatal mesenchyme cells. This molecular regulation promotes cellular senescence and inhibits cell proliferation. Consequently, this targeted cascade promotes palatal fusion failure and inhibits normal craniofacial development. Ultimately, this pathway-mediated disruption promotes the development of cleft palate and inhibits overall structural homeostasis.","The targeted intervention via All-trans Retinoic Acid inhibits the expression of p53 in embryonic palatal mesenchyme cells. This lack of molecular regulation inhibits cellular senescence and promotes cell proliferation. Consequently, this decoupled cascade inhibits palatal fusion failure and promotes normal craniofacial development. Ultimately, this pathway-mediated stability inhibits the development of cleft palate and promotes overall structural homeostasis."
Decreased Glucose Metabolism and Declined Chaperones Are Unique Features Required for the Survival of Senescent Fibroblasts and Pyruvate Dehydrogenase Is a Potent Senolytic Target,41786630.0,Aging Cell,2026,https://doi.org/10.1111/acel.70434,"The targeted intervention via PDH inhibitors inhibits the activity of pyruvate dehydrogenase in senescent fibroblasts. This molecular regulation inhibits the TCA cycle and promotes the selective elimination of senescent cells. Consequently, this targeted cascade inhibits the maintenance of senescence and inhibits age-related physical dysfunctions. Ultimately, this pathway-mediated stability inhibits systemic aging and promotes overall cellular homeostasis.","The targeted intervention via PDH inhibitors activates the activity of pyruvate dehydrogenase in senescent fibroblasts. This lack of molecular regulation promotes the TCA cycle and inhibits the selective elimination of senescent cells. Consequently, this decoupled cascade promotes the maintenance of senescence and promotes age-related physical dysfunctions. Ultimately, this pathway-mediated decline promotes systemic aging and inhibits overall cellular homeostasis."
Increased WNT10B/FOXO6 signaling promotes cell fate transition in renal tubular cells to aggravate renal inflammation and fibrosis,41963348.0,Nat Commun,2026,https://doi.org/10.1038/s41467-026-71553-2,"The targeted intervention via WNT10B inhibition inhibits the activity of FOXO6 in renal tubular cells. This molecular regulation inhibits glycolysis and promotes metabolic homeostasis. Consequently, this targeted cascade inhibits cellular senescence and inhibits the secretion of proinflammatory cytokines. Ultimately, this pathway-mediated stability inhibits chronic kidney disease progression and promotes overall renal health","The targeted intervention via WNT10B inhibition activates the activity of FOXO6 in renal tubular cells. This lack of molecular regulation promotes glycolysis and inhibits metabolic homeostasis. Consequently, this decoupled cascade promotes cellular senescence and promotes the secretion of proinflammatory cytokines. Ultimately, this pathway-mediated decline promotes chronic kidney disease progression and inhibits overall renal health."
Betulinic Acid Attenuates Vascular Smooth Muscle Cell Senescence and Aortic Vascular Aging via PPAR-α/CPT1A-Mediated Fatty Acid Oxidation,41830286.0,Rejuvenation Res,2026,https://doi.org/10.1177/15491684261429991,"Betulinic acid inhibits the activity of PPAR-alpha in smooth muscle cells. This molecular regulation inhibits fatty acid oxidation and promotes mitochondrial function. Consequently, this targeted cascade inhibits cellular senescence and inhibits reactive oxygen species generation. Ultimately, this pathway-mediated stability inhibits vascular aging and promotes overall vascular homeostasis.","Betulinic acid activates the activity of PPAR-alpha in smooth muscle cells. This lack of molecular regulation promotes fatty acid oxidation and inhibits mitochondrial function. Consequently, this decoupled cascade promotes cellular senescence and promotes reactive oxygen species generation. Ultimately, this pathway-mediated decline promotes vascular aging and inhibits overall vascular homeostasis."
Sirt3 Genetically Engineered Apoptotic Bodies Alleviate Skeletal Aging by Limiting Aggravated NLRP3 Inflammasome Activation of Senescent Macrophages,41761627.0,Advanced Science,2026,https://doi.org/10.1002/advs.202517554,"Sirt3 inhibits the activity of NLRP3 in macrophages. This molecular regulation inhibits the NLRP3 inflammasome and promotes bone mass. Consequently, this targeted cascade inhibits cellular senescence and inhibits the secretion of inflammatory cytokines. Ultimately, this pathway-mediated stability inhibits skeletal aging and promotes overall bone homeostasis","Sirt3 activates the activity of NLRP3 in macrophages. This lack of molecular regulation promotes the NLRP3 inflammasome and inhibits bone mass. Consequently, this decoupled cascade promotes cellular senescence and promotes the secretion of inflammatory cytokines. Ultimately, this pathway-mediated decline promotes skeletal aging and inhibits overall bone homeostasis."
A serum-free adipose-conditioned medium delays stem cell senescence and maintains tissue homeostasis via IL-6/STAT3 axis suppression,41316397.0,Stem Cell Res Ther,2025,https://doi.org/10.1186/s13287-025-04721-8,"SF-ACM inhibits the activity of STAT3 in mesenchymal stem cells. This molecular regulation inhibits the IL-6/STAT3 signaling pathway and promotes tissue regeneration. Consequently, this targeted cascade inhibits cellular senescence and inhibits the expression of aging-associated phenotypes. Ultimately, this pathway-mediated stability inhibits tissue-level aging and promotes overall tissue homeostasis.","SF-ACM activates the activity of STAT3 in mesenchymal stem cells. This lack of molecular regulation promotes the IL-6/STAT3 signaling pathway and inhibits tissue regeneration. Consequently, this decoupled cascade promotes cellular senescence and promotes the expression of aging-associated phenotypes. Ultimately, this pathway-mediated decline promotes tissue-level aging and inhibits overall tissue homeostasis."
Short-Term Rapamycin Mitigates the Senescence of Ovaries and Somatic Stem Cells in Multiple Organs in Reproductively Aged Mice,41707042.0,FASEB J,2026,https://doi.org/10.1096/fj.202504132r,"The targeted intervention via Rapamycin inhibits the activity of mTOR in ovarian and somatic tissues. This molecular regulation inhibits cytoplasmic translation and promotes stem cell function. Consequently, this targeted cascade inhibits cellular senescence and inhibits oxidative damage. Ultimately, this pathway-mediated stability inhibits systemic aging phenotypes and promotes overall tissue homeostasis.","The targeted intervention via Rapamycin activates the activity of mTOR in ovarian and somatic tissues. This lack of molecular regulation promotes cytoplasmic translation and inhibits stem cell function. Consequently, this decoupled cascade promotes cellular senescence and promotes oxidative damage. Ultimately, this pathway-mediated decline promotes systemic aging phenotypes and inhibits overall tissue homeostasis."
A Non-Canonical Role for Hepatocyte MLKL in Promoting Mitochondrial Dysfunction and Senescence in the Aging Liver,42399678.0,Aging Cell,2026,https://doi.org/10.1111/acel.70618,"MLKL inhibition inhibits the activity of MLKL in hepatocytes. This molecular regulation inhibits mitochondrial dysfunction and promotes mitochondrial respiration. Consequently, this targeted cascade inhibits cellular senescence and inhibits the secretion of pro-inflammatory extracellular vesicles. Ultimately, this pathway-mediated stability inhibits liver inflammaging and promotes overall hepatic homeostasis.","MLKL inhibition activates the activity of MLKL in hepatocytes. This lack of molecular regulation promotes mitochondrial dysfunction and inhibits mitochondrial respiration. Consequently, this decoupled cascade promotes cellular senescence and promotes the secretion of pro-inflammatory extracellular vesicles. Ultimately, this pathway-mediated decline promotes liver inflammaging and inhibits overall hepatic homeostasis."
Extracellular matrix-associated molecules of senescent cells induce a senescence phenotype in proliferative cells via TGF-β signaling pathway,41967384.0,Biomaterials,2026,https://doi.org/10.1016/j.biomaterials.2026.124117,"TGFBR1 inhibition inhibits the activity of TGF-beta in endothelial cells. This molecular regulation inhibits the TGF-beta signaling pathway and promotes endothelial proliferation. Consequently, this targeted cascade inhibits cellular senescence and inhibits the accumulation of senescence markers. Ultimately, this pathway-mediated stability inhibits vascular aging and promotes overall vascular homeostasis.","TGFBR1 inhibition activates the activity of TGF-beta in endothelial cells. This lack of molecular regulation promotes the TGF-beta signaling pathway and inhibits endothelial proliferation. Consequently, this decoupled cascade promotes cellular senescence and promotes the accumulation of senescence markers. Ultimately, this pathway-mediated decline promotes vascular aging and inhibits overall vascular homeostasis."
Apelin-13 activates TFEB-mediated autophagy via AMPK to attenuate senescence and pyroptosis in nucleus pulposus cells during intervertebral disc degeneration,41475686.0,Mech Ageing Dev,2026,https://doi.org/10.1016/j.mad.2025.112147,"The targeted intervention via Apelin-13 activates the activity of TFEB in nucleus pulposus cells. This molecular regulation promotes autophagy and inhibits cellular pyroptosis. Consequently, this targeted cascade inhibits IL1B-induced senescence and promotes extracellular matrix integrity. Ultimately, this pathway-mediated stability inhibits disc degeneration and promotes overall structural homeostasis.","he targeted intervention via Apelin-13 inhibits the activity of TFEB in nucleus pulposus cells. This lack of molecular regulation inhibits autophagy and promotes cellular pyroptosis. Consequently, this decoupled cascade promotes IL1B-induced senescence and inhibits extracellular matrix integrity. Ultimately, this pathway-mediated decline promotes disc degeneration and inhibits overall structural homeostasis."
Senescent Factors Suppress Innate Antiviral Immunity in Aged Mice via Two Distinct Mechanisms,41937240.0,Aging Cell,2026,https://doi.org/10.1111/acel.70471,"The targeted intervention via combined blocking of SASP factors (GDF15, IGF1, IL1α, and IL6) activates the expression and activity of GSK3β (thereby restoring the TBK1-IRF3 axis and suppressing p52/RelB) in senescent cells. This molecular regulation promotes innate antiviral immunity and inhibits systemic viral susceptibility. Consequently, this targeted cascade inhibits AKT-MEK-mediated suppression of antiviral responses and promotes the transcription of antiviral genes. Ultimately, this pathway-mediated stability inhibits age-related inflammation and promotes overall immune competence to defend against viral-associated diseases in aged individuals.","The targeted intervention via combined blocking of SASP factors (GDF15, IGF1, IL1α, and IL6) inhibits the expression and activity of GSK3β (thereby restoring the TBK1-IRF3 axis and suppressing p52/RelB) in senescent cells. This lack of molecular regulation inhibits innate antiviral immunity and promotes systemic viral susceptibility. Consequently, this decoupled cascade promotes AKT-MEK-mediated suppression of antiviral responses and inhibits the transcription of antiviral genes. Ultimately, this pathway-mediated decline promotes age-related inflammation and inhibits overall immune competence to defend against viral-associated diseases in aged individuals."
Age-associated methionine sulfoxide reductase A protects against valvular interstitial cell senescence and valvular calcification,40341600.0,Geroscience,2026,https://doi.org/10.1007/s11357-025-01675-w,"The targeted intervention via MSRA overexpression inhibits the expression and activity of TLR2 in valvular interstitial cells. This molecular regulation inhibits NF-κB signaling and promotes normal valvular tissue maintenance. Consequently, this targeted cascade inhibits osteogenic differentiation and inhibits the accumulation of senescent markers and calcium deposition in both hydrogen peroxide-induced in vitro models and high-cholesterol in vivo models. Ultimately, this pathway-mediated stability inhibits age-associated calcific aortic valve disease pathogenesis and promotes overall cardiovascular homeostasis.","The targeted intervention via MSRA overexpression activates the expression and activity of TLR2 in valvular interstitial cells. This lack of molecular regulation promotes NF-κB signaling and inhibits normal valvular tissue maintenance. Consequently, this decoupled cascade promotes osteogenic differentiation and promotes the accumulation of senescent markers and calcium deposition in both hydrogen peroxide-induced in vitro models and high-cholesterol in vivo models. Ultimately, this pathway-mediated decline promotes age-associated calcific aortic valve disease pathogenesis and inhibits overall cardiovascular homeostasis."
Senolytic Treatment With Fisetin Reverses Age-Related Endothelial Dysfunction Partially Mediated by SASP Factor CXCL12,42021544.0,Aging Cell,2026,10.1111/acel.70500,"Fisetin inhibits the expression and activity of CXCL12 in endothelial cells. This molecular regulation inhibits endothelial-to-mesenchymal transition and promotes nitric oxide bioavailability. Consequently, this targeted cascade inhibits cellular senescence and inhibits mitochondrial oxidative stress induced by the circulating SASP milieu. Ultimately, this pathway-mediated stability inhibits age-related endothelial dysfunction and promotes overall cardiovascular health.","Fisetin activates the expression and activity of CXCL12 in endothelial cells. This lack of molecular regulation promotes endothelial-to-mesenchymal transition and inhibits nitric oxide bioavailability. Consequently, this decoupled cascade promotes cellular senescence and promotes mitochondrial oxidative stress induced by the circulating SASP milieu. Ultimately, this pathway-mediated decline promotes age-related endothelial dysfunction and inhibits overall cardiovascular health."
"Loss of p62 Binding Allows TIF-IA Accumulation in Senescence, Which Promotes Phenotypic Changes to Nucleoli and the Senescence Associated Secretory Phenotype",41466483.0,Aging Cell,2026,https://doi.org/10.1111/acel.70334,"ATM inhibition inhibits the accumulation and activity of TIF-IA in the nucleus and nucleolus. This molecular regulation inhibits the senescence-associated secretory phenotype (SASP) and promotes p62-dependent homeostatic interactions. Consequently, this targeted cascade inhibits reactive oxygen species generation and inhibits the establishment of stable cellular senescence. Ultimately, this pathway-mediated stability inhibits age-related inflammatory phenotypes and promotes overall cellular homeostasis.","ATM inhibition activates the accumulation and activity of TIF-IA in the nucleus and nucleolus. This lack of molecular regulation promotes the senescence-associated secretory phenotype (SASP) and inhibits p62-dependent homeostatic interactions. Consequently, this decoupled cascade promotes reactive oxygen species generation and promotes the establishment of stable cellular senescence. Ultimately, this pathway-mediated decline promotes age-related inflammatory phenotypes and inhibits overall cellular homeostasis."
Ginsenoside Rg5 targets the KAT8-CISD2 axis to maintain mitochondrial homeostasis and antagonize senescence,41687537.0,Phytomedicine,2026,https://doi.org/10.1016/j.phymed.2026.157923,"The targeted intervention via Ginsenoside Rg5 activates the expression and activity of KAT8 in aging models. This molecular regulation promotes mitochondrial homeostasis and inhibits STUB1-mediated ubiquitination and degradation of CISD2 at K105. Consequently, this targeted cascade promotes CISD2 acetylation at K74 and inhibits oxidative stress and mitochondrial dysfunction. Ultimately, this pathway-mediated stability inhibits cellular senescence and promotes overall lifespan extension.","The targeted intervention via Ginsenoside Rg5 inhibits the expression and activity of KAT8 in aging models. This lack of molecular regulation inhibits mitochondrial homeostasis and promotes STUB1-mediated ubiquitination and degradation of CISD2 at K105. Consequently, this decoupled cascade inhibits CISD2 acetylation at K74 and promotes oxidative stress and mitochondrial dysfunction. Ultimately, this pathway-mediated decline promotes cellular senescence and inhibits overall lifespan extension."
The oocyte-enriched metabolite serotonin alleviates cellular senescence and aging phenotypes in the mouse,42303757.0,EMBO J.,2026,https://doi.org/10.1038/s44318-026-00832-x,"Serotonin activates the expression and activity of 5HTR1B in cellular models. This molecular regulation promotes mitochondrial function and inhibits endoplasmic reticulum stress. Consequently, this targeted cascade promotes the non-canonical serotonylation of HSP90β and inhibits the accumulation of aging-related systemic phenotypes. Ultimately, this pathway-mediated stability inhibits cellular aging and promotes overall organismal homeostasis.","Serotonin inhibits the expression and activity of 5HTR1B in cellular models. This lack of molecular regulation inhibits mitochondrial function and promotes endoplasmic reticulum stress. Consequently, this decoupled cascade inhibits the non-canonical serotonylation of HSP90β and promotes the accumulation of aging-related systemic phenotypes. Ultimately, this pathway-mediated decline promotes cellular aging and inhibits overall organismal homeostasis."
ZDHHC11-mediated palmitoylation alleviates chondrocyte senescence and serves as a therapeutic target for osteoarthritis,41028499.0,Nat Aging,2025,https://doi.org/10.1038/s43587-025-00968-1,"The targeted intervention via lipid nanoparticle-based ZDHHC11 mRNA delivery activates the expression and activity of ZDHHC11 in articular chondrocytes. This molecular regulation inhibits the GATA4-P65 signaling pathway and promotes cartilage anabolism. Consequently, this targeted cascade inhibits GNB2-dependent APOD degradation and inhibits chondrocyte senescence. Ultimately, this pathway-mediated stability inhibits osteoarthritis progression and promotes overall joint homeostasis.","The targeted intervention via lipid nanoparticle-based ZDHHC11 mRNA delivery inhibits the expression and activity of ZDHHC11 in articular chondrocytes. This lack of molecular regulation promotes the GATA4-P65 signaling pathway and inhibits cartilage anabolism. Consequently, this decoupled cascade promotes GNB2-dependent APOD degradation and promotes chondrocyte senescence. Ultimately, this pathway-mediated decline promotes osteoarthritis progression and inhibits overall joint homeostasis."
Empagliflozin slows down natural kidney senescence via Six1/Wnt4/NF-κB pathway,41109894.0,Biogerontology,2025,https://doi.org/10.1007/s10522-025-10328-6,"The targeted intervention via Empagliflozin administration activates the expression and activity of Six1 in renal tubular epithelial cells. This molecular regulation inhibits NF-κB signaling and promotes normal renal tissue maintenance. Consequently, this targeted cascade inhibits cellular senescence and inhibits the accumulation of inflammatory cytokines including IL-1β and TNF-α. Ultimately, this pathway-mediated stability inhibits age-related renal impairment and promotes overall kidney homeostasis.","The targeted intervention via Empagliflozin administration inhibits the expression and activity of Six1 in renal tubular epithelial cells. This lack of molecular regulation promotes NF-κB signaling and inhibits normal renal tissue maintenance. Consequently, this decoupled cascade promotes cellular senescence and promotes the accumulation of inflammatory cytokines including IL-1β and TNF-α. Ultimately, this pathway-mediated decline promotes age-related renal impairment and inhibits overall kidney homeostasis."
Extracellular vesicles derived from senescent hepatocytes drive pan-cancer metastasis in aging,41942570.0,Nat Aging,2026,10.1038/s43587-026-01102-5,"Dasatinib and Quercetin administration inhibits the expression and activity of P2RX7 in senescent hepatocytes. This molecular regulation inhibits epithelial-mesenchymal transition and promotes the expression of target genes PTEN and LATS2 in primary tumors. Consequently, this targeted cascade inhibits extracellular vesicles biogenesis and inhibits the circulation of extracellular vesicles-encapsulated miRNAs (miR-25, miR-92a, miR-30c, and miR-30d). Ultimately, this pathway-mediated stability inhibits age-related tumor invasiveness and metastasis and promotes overall systemic homeostasis.","Dasatinib and Quercetin administration activates the expression and activity of P2RX7 in senescent hepatocytes. This lack of molecular regulation promotes epithelial-mesenchymal transition and inhibits the expression of target genes PTEN and LATS2 in primary tumors. Consequently, this decoupled cascade promotes EV biogenesis and promotes the circulation of EV-encapsulated miRNAs (miR-25, miR-92a, miR-30c, and miR-30d). Ultimately, this pathway-mediated decline promotes age-related tumor invasiveness and metastasis and inhibits overall systemic homeostasis."
Azathioprine ameliorates cellular senescence in rhabdomyolysis-induced acute kidney injury by inhibiting the Vav1/Rac2/NF-κB pathway in macrophages,41389974.0,Eur J Pharmacol,2026,https://doi.org/10.1016/j.ejphar.2025.178441,"Azathioprine administration inhibits the expression and activity of Vav1 in macrophages. This molecular regulation inhibits NF-κB signaling and promotes normal LaminB1 integrity in tubular epithelial cells. Consequently, this targeted cascade inhibits macrophage-mediated tubular cell senescence and inhibits the elevation of senescence markers including p53, p21, p16, and SA-β-gal. Ultimately, this pathway-mediated stability inhibits rhabdomyolysis-induced acute kidney injury and promotes overall renal homeostasis.","Azathioprine administration activates the expression and activity of Vav1 in macrophages. This lack of molecular regulation promotes NF-κB signaling and inhibits normal LaminB1 integrity in tubular epithelial cells. Consequently, this decoupled cascade promotes macrophage-mediated tubular cell senescence and promotes the elevation of senescence markers including p53, p21, p16, and SA-β-gal. Ultimately, this pathway-mediated decline promotes rhabdomyolysis-induced acute kidney injury and inhibits overall renal homeostasis."
Reversing lysosomal dysfunction restores youthful state in aged hematopoietic stem cells,41289991.0,Cell Stem Cell,2025,https://doi.org/10.1016/j.stem.2025.10.012,"v-ATPase inhibition inhibits the expression and activity of v-ATPase in aged hematopoietic stem cells. This molecular regulation inhibits cGAS-STING signaling and promotes the lysosomal processing of mitochondrial DNA. Consequently, this targeted cascade inhibits inflammatory and interferon-driven programs and inhibits the hyperactivation and depletion of lysosomes. Ultimately, this pathway-mediated stability inhibits hematopoietic stem cell aging and promotes overall in vivo repopulation capacity and self-renewal.","v-ATPase inhibition activates the expression and activity of v-ATPase in aged hematopoietic stem cells. This lack of molecular regulation promotes cGAS-STING signaling and inhibits the lysosomal processing of mitochondrial DNA. Consequently, this decoupled cascade promotes inflammatory and interferon-driven programs and promotes the hyperactivation and depletion of lysosomes. Ultimately, this pathway-mediated decline promotes hematopoietic stem cell aging and inhibits overall in vivo repopulation capacity and self-renewal."
Arylsulfatase K attenuates airway epithelial cell senescence in COPD by regulating parkin-mediated mitophagy,40763656.0,Redox Biol.,2025,https://doi.org/10.1016/j.redox.2025.103793,"ARSK arylsulfatase k activates the expression and activity of ARSK in the airway epithelium. This molecular regulation promotes PRKN-mediated mitophagy and promotes the site-specific phosphorylation of PRKN at serine 65. Consequently, this targeted cascade inhibits cigarette smoke-induced epithelial cellular senescence and inhibits aberrant mitochondrial dysfunction. Ultimately, this pathway-mediated stability inhibits chronic obstructive pulmonary disease pathogenesis and promotes overall pulmonary function and physiological airflow.","ARSK arylsulfatase k inhibits the expression and activity of ARSK in the airway epithelium. This lack of molecular regulation inhibits PRKN-mediated mitophagy and inhibits the site-specific phosphorylation of PRKN at serine 65. Consequently, this decoupled cascade promotes cigarette smoke-induced epithelial cellular senescence and promotes aberrant mitochondrial dysfunction. Ultimately, this pathway-mediated decline promotes chronic obstructive pulmonary disease pathogenesis and inhibits overall pulmonary function and physiological airflow."
Noncanonical function of Pannexin1 promotes cellular senescence and renal fibrosis post-acute kidney injury,40825974.0,Nat Commun,2025,https://doi.org/10.1038/s41467-025-63152-4,"The targeted intervention via Panx1 deletion inhibits the expression and activity of Panx1 in renal tubular compartments. This molecular regulation inhibits aberrant ER-mitochondrial calcium signaling and promotes physiological calcium homeostasis at endoplasmic reticulum-mitochondria contact sites. Consequently, this targeted cascade inhibits mitochondrial calcium overload and inhibits irreversible cell-cycle arrest. Ultimately, this pathway-mediated stability inhibits renal fibrosis and promotes overall nephron homeostasis.","The targeted intervention via Panx1 deletion activates the expression and activity of Panx1 in renal tubular compartments. This lack of molecular regulation promotes aberrant ER-mitochondrial calcium signaling and inhibits physiological calcium homeostasis at endoplasmic reticulum-mitochondria contact sites. Consequently, this decoupled cascade promotes mitochondrial calcium overload and promotes irreversible cell-cycle arrest. Ultimately, this pathway-mediated decline promotes renal fibrosis and inhibits overall nephron homeostasis."
Luteoloside alleviates bleomycin-induced pulmonary fibrosis in mice via SIRT1-mediated protective effect against alveolar epithelial cell senescence,41162593.0,Sci Rep,2025,https://doi.org/10.1038/s41598-025-21752-6,"Luteoloside administration activates the expression and activity of SIRT1 in alveolar epithelial cell compartments. This molecular regulation promotes mitochondrial quality control signaling and inhibits aberrant mitochondrial dysfunction. Consequently, this targeted cascade inhibits cellular oxidative stress and inhibits the elevation of senescence marker P21 in SPC+ epithelial cells. Ultimately, this pathway-mediated stability inhibits bleomycin-induced pulmonary fibrosis and promotes overall respiratory homeostasis.","Luteoloside administration inhibits the expression and activity of SIRT1 in alveolar epithelial cell compartments. This lack of molecular regulation inhibits mitochondrial quality control signaling and promotes aberrant mitochondrial dysfunction. Consequently, this decoupled cascade promotes cellular oxidative stress and promotes the elevation of senescence marker P21 in SPC+ epithelial cells. Ultimately, this pathway-mediated decline promotes bleomycin-induced pulmonary fibrosis and inhibits overall respiratory homeostasis."
Restored clearance of senescent neutrophils by tissue-resident macrophages limits organ aging,42462036.0,Science,2025,https://doi.org/10.1126/science.aea3075,"Pharmacological EP2 inhibition inhibits the expression and activity of EP2 in tissue-resident macrophages. This molecular regulation inhibits PGE2-mediated immunosuppressive signaling and promotes the essential efferocytosis of senescent neutrophils. Consequently, this targeted cascade inhibits senescence-induced paracrine stress in neighboring tissues and inhibits the age-associated deterioration of mitochondrial fitness. Ultimately, this pathway-mediated stability inhibits systemic multi-organ decline, including cognitive impairment, frailty, and sarcopenia, and promotes overall physiological homeostasis during the aging process.","Pharmacological EP2 inhibition activates the expression and activity of EP2 in tissue-resident macrophages. This lack of molecular regulation promotes PGE2-mediated immunosuppressive signaling and inhibits the essential efferocytosis of senescent neutrophils. Consequently, this decoupled cascade promotes senescence-induced paracrine stress in neighboring tissues and promotes the age-associated deterioration of mitochondrial fitness. Ultimately, this pathway-mediated decline promotes systemic multi-organ decline, including cognitive impairment, frailty, and sarcopenia, and inhibits overall physiological homeostasis during the aging process."
Melatonin attenuates atherosclerotic plaque vulnerability through SIRT6-dependent regulation of vascular smooth muscle cells senescence,41308252.0,Redox Biol.,2025,https://doi.org/10.1016/j.redox.2025.103939,"Melatonin administration activates the expression and activity of SIRT6 in vascular smooth muscle cell populations. This molecular regulation activates Nrf2 antioxidant signaling and promotes the critical structural integrity of the fibrous cap. Consequently, this targeted cascade inhibits severe oxidative stress accumulation and inhibits premature vascular smooth muscle cell senescence within the vascular wall. Ultimately, this pathway-mediated stability inhibits vulnerable atherosclerotic plaque rupture and promotes overall cardiovascular physiological homeostasis during disease progression.","Melatonin administration inhibits the expression and activity of SIRT6 in vascular smooth muscle cell populations. This lack of molecular regulation inhibits Nrf2 antioxidant signaling and inhibits the critical structural integrity of the fibrous cap. Consequently, this decoupled cascade promotes severe oxidative stress accumulation and promotes premature vascular smooth muscle cell senescence within the vascular wall. Ultimately, this pathway-mediated decline promotes vulnerable atherosclerotic plaque rupture and inhibits overall cardiovascular physiological homeostasis during disease progression."
